SETOR,LOCALIZAÇÃO,CÓDIGO,DESCRIÇÃO,QTD,ALMOXARIFADO
MP,,117112,TARUGO NYLON RED. DE 35mm.,,Almox Prod Especiais
MP,,199786,"TARUGO BRONZE 5/8""",,Almox Prod Especiais
MP,,200040,"ADAPTADOR INTERNO 3/4"" RABO TATU",,Almox Prod Especiais
MP,,200047,"DISCO GRADE CONCAVO LISO 14,00""L 3,00MM 1F #26,98",,Almox Prod Especiais
MP,,200082,MOTOR R FLANGE QUADR. EIXO 25.4MM CÓD.M-LHRQ-125-C4,,Almox Prod Especiais
MP,,200162,LUVA P TERM FEMEA ETE7500 CÓD.000594,,Almox Prod Especiais
MP,,200163,TERMINAL FIO 3/8 IM160 CÓD.000700,,Almox Prod Especiais
MP,,200164,TUBO CORRUGADO 10MM 3/8 DNI5260 CÓD.000442,,Almox Prod Especiais
MP,,200167,"PORTA FUSIVEL LAM 1,5 HPL1,50 CÓD.002335",,Almox Prod Especiais
MP,,200175,"ADAPTADOR INTERNO 1/2"" (RABO DE TATU)",,Almox Prod Especiais
MP,,200196,LAMP H3 12V 12336PH,,Almox Prod Especiais
MP,,200200,LAMP 69 12V 12929PH,,Almox Prod Especiais
MP,,200203,TERMINAL BAT. SAPÃO ST78112R/HK301,,Almox Prod Especiais
MP,,200214,LUVA TERM ENCAX ETE7507,,Almox Prod Especiais
MP,,200217,ESPIGÃO SEXT MACHO 3/8 BSP I-304,,Almox Prod Especiais
MP,,200237,PLACA DE LIGAÇÃO G342/1(53/8)4WE6 REF. RP45052 / 71800393 02-1705 CÓD.0994,,Almox Prod Especiais
MP,,200246,CONECTOR EMENDA 2 POLOS HCRN-2 HELLERMAN ATÉ 4MM,,Almox Prod Especiais
MP,,200247,BUZINA BI-BI 124MM 12V 2TERM AVX70112,,Almox Prod Especiais
MP,,200248,PLUG UNIVERSAL P/ SOLENOIDE,,Almox Prod Especiais
MP,,200264,CONEC. SAK UNI. 36A EN PA BG 4MM,,Almox Prod Especiais
MP,,200265,CONEC. SAK UNI. 47A EN PA BG 6MM,,Almox Prod Especiais
MP,,200271,"PRENSA CB STECK 3/4""",,Almox Prod Especiais
MP,,200298,"CONECTOR PASSAGEM 8WA1011-1DF11 2,5MM",,Almox Prod Especiais
MP,,200299,GARRA FINAL P/CONECTOR 8WA1 808,,Almox Prod Especiais
MP,,200302,"CABO FLEXIVEL KV 3 X 1,5MM",,Almox Prod Especiais
MP,,200350,CONECTOR PASSAGEM PRESSÃO P80 CÓD.006038,,Almox Prod Especiais
MP,,200354,CHAVE IGNIÇÃO TRATOR 886019,,Almox Prod Especiais
MP,,200356,CONEC SAK 16MM (8WA1 204),,Almox Prod Especiais
MP,,200358,CH ALAV UNIP PVC PT 06A 250V (126/CS-301 DAFB2FP1),,Almox Prod Especiais
MP,,200359,"TERM PINO 10,00MM² VM(882400)",,Almox Prod Especiais
MP,,200360,"TERM PINO 04,00-06,00MM² LONGO AM 12/10AWG (882300)",,Almox Prod Especiais
MP,,200361,"TERM TUBO ISOL SIMP 02,50MM² AZ (692811)",,Almox Prod Especiais
MP,,200363,ACESS. ATUADOR HORIZ TZ93-01 CURVADO,,Almox Prod Especiais
MP,,200401,"PORCA AUTOTRAVANTE 3/8"" UNC",,Almox Prod Especiais
MP,,200405,"PORCA AUTOTRAVANTE 1/2"" UNC",,Almox Prod Especiais
MP,,200409,GUIA UHMW EST. MÓVEL 6 X 40 X 3000MM - MÁQ. P/ COLHEITA - PILOTO,,Almox Prod Especiais
MP,,200410,GUIA UHMW EST. MÓVEL 6 X 60 X 3000MM - MÁQ. P/ COLHEITA - PILOTO,,Almox Prod Especiais
MP,,200418,COMUTADOR 22MM PLAST MANOP CURTA 2PO S. 1NA,,Almox Prod Especiais
MP,,200421,CB FLEX 750V SIL 1MM,,Almox Prod Especiais
MP,,200422,"CB FLEX 750V SIL 1,5MM",,Almox Prod Especiais
MP,,200423,TERM ILHOS TUB 1MM,,Almox Prod Especiais
MP,,200424,"TERM ILHOS TUB 1,5MM",,Almox Prod Especiais
MP,,200429,ANILHA MARCAD MILLENIUM MHG2/5 5-6MM,,Almox Prod Especiais
MP,,200431,CABO PP 500V SIL 2 X 1MM,,Almox Prod Especiais
MP,,200440,BOTAO CSW BD55FR-WH DUPLO PULS. PRETO/PRETO S/ FLANGE C 12884115,,Almox Prod Especiais
MP,,200465,TERMINAL ILHOS 1.0mm,,Almox Prod Especiais
MP,,200466,TERMINAL ILHOS 1.5mm,,Almox Prod Especiais
MP,,200470,"Anilha identificador de fio 2,5MM N°0",,Almox Prod Especiais
MP,,200472,"Anilha identificador de fio 2,5MM N°2",,Almox Prod Especiais
MP,,200473,"Anilha identificador de fio 2,5MM N°3",,Almox Prod Especiais
MP,,200474,"Anilha identificador de fio 2,5MM N°4",,Almox Prod Especiais
MP,,200475,"Anilha identificador de fio 2,5MM N°5",,Almox Prod Especiais
MP,,200478,"Anilha identificador de fio 2,5MM N°8",,Almox Prod Especiais
MP,,200486,CABO CONTROLE 500V FLEX PT 25 X 1,,Almox Prod Especiais
MP,,200487,Conector Automotivo 2 Vias Selado Impermeável,,Almox Prod Especiais
MP,,200489,TAMPA SAK P/ PORTA FUSÍVEL MAT-F/MAB1,,Almox Prod Especiais
MP,,200490,CONEC. SAK C/ PORTA FUSÍVEL C/ SIN 24V MAT-F/MAB1F24,,Almox Prod Especiais
MP,,200492,CHAPA UHMW 5 X 80 X 130 [CTH4500],,Almox Prod Especiais
MP,,200493,CHAPA UHMW 5 X 80 X 200 [CTH4500],,Almox Prod Especiais
MP,,200495,espaguete termo retrátil 3mm,,Almox Prod Especiais
MP,,200496,Conector Automotivo Mike 2 Vias Aviação Gx16 2 - Macho E Femea,,Almox Prod Especiais
MP,,200584,FUSÍVEL VIDRO 2CM 5A,,Almox Prod Especiais
MP,,200585,FUSÍVEL VIDRO 2CM 10A,,Almox Prod Especiais
MP,,200695,"CABO PP 2 x 1,5mm",,Almox Prod Especiais
MP,,205487,"NIPLE COM ROSCA 2""",,Almox Prod Especiais
MP,,209879,TUBO TIGRE PVC SOLDAVEL 25MM 6M,,Almox Prod Especiais
MP,,210160,ANEL RASPADOR REF D-2000,,Almox Prod Especiais
MP,,210767,ANEL ELÁSTICO E-39,,Almox Prod Especiais
MP,,212027,"ARRUELA LISA INOX 1/4""",,Almox Prod Especiais
MP,,212039,"ARRUELA LISA INOX DE 1/8""",,Almox Prod Especiais
MP,,212042,ARRUELA TRAVA DF 6MM,,Almox Prod Especiais
MP,,212043,ARRUELA TRAVA DF 12MM,,Almox Prod Especiais
MP,,212052,"ARRUELA LISA INOX - 3/8""",,Almox Prod Especiais
MP,,212053,"ARRUELA LISA INOX - 1/2""",,Almox Prod Especiais
MP,,212057,"ARRUELA LISA INOX - 5/8""",,Almox Prod Especiais
MP,,212091,"ARRUELA LISA 3/8"" ZB CHAPA 1,5MM",,Almox Prod Especiais
MP,,212092,"ARRUELA LISA 1/2"" CHAPA 1/8"" ZB OU ZA",,Almox Prod Especiais
MP,,212095,"ARRUELA LISA 1"" CH 3/16""",,Almox Prod Especiais
MP,,212096,"ARRUELA LISA ZB 5/16"" EXP. 1,5 MM",,Almox Prod Especiais
MP,,212097,"ARRUELA LISA 5/8"" GALV # 1/8""",,Almox Prod Especiais
MP,,212098,"ARRUELA LISA 1/4"" GALV",,Almox Prod Especiais
MP,,212099,"ARRUELA LISA 1/2"" ZB CHANFRA. # 1/8""",,Almox Prod Especiais
MP,,212245,"ARR. DE PRES. MÉDIA - ZB 1/8""",,Almox Prod Especiais
MP,,212260,"ARR. DE PRES. MÉDIA INOX 3/8""",,Almox Prod Especiais
MP,,212261,"ARR. DE PRES. MÉDIA INOX 1/8""",,Almox Prod Especiais
MP,,212263,"ARR. DE PRES. MÉDIA INOX 1/4""",,Almox Prod Especiais
MP,,212264,"ARR. DE PRES. MÉDIA INOX 5/16""",,Almox Prod Especiais
MP,,212313,"ARR. DE PRES. PESADA ZB 1/2""",,Almox Prod Especiais
MP,,212507,"ARR. DE PRES. MÉDIA - ZB 1/4""",,Almox Prod Especiais
MP,,212600,"ARR. DE PRES. MÉDIA - ZB 3/8""",,Almox Prod Especiais
MP,,212611,"ARR. DE PRES. MÉDIA - ZB 7/8""",,Almox Prod Especiais
MP,,213215,CANALETA 30 X 30 HD-2P,,Almox Prod Especiais
MP,,213366,ELETRODUTO SPIRAFLEX 1/2,,Almox Prod Especiais
MP,,213408,CAIXA DE PASSAGEM,,Almox Prod Especiais
MP,,213433,"ELETRODUTO SPIRAFLEX 3/4""",,Almox Prod Especiais
MP,,213598,"ABRACADEIRA S/FIM 2.1/2"" A 3""",,Almox Prod Especiais
MP,,213601,"ABRACADEIRA S/FIM 3/4"" A 1""",,Almox Prod Especiais
MP,,213605,"ABRACADEIRA P/ MANGOTE 79/87 MM 3""",,Almox Prod Especiais
MP,,213810,TRILHO P/FIX DE CONTATOR TS-35,,Almox Prod Especiais
MP,,213849,CORREIA ABERTA V20M - 1000MM X 1500MM,,Almox Prod Especiais
MP,,214110,RODA MOD. FER.325/350X8 ESF 6205 CH 16 CÓD.198,,Almox Prod Especiais
MP,,216531,BORRACHA EVA 10MM X 1200 X 2000MM,,Almox Prod Especiais
MP,,216532,BORRACHA EVA 6MM X 1200 X 2000MM,,Almox Prod Especiais
MP,,218406,CAMARA AR REF. 16 L 395 (K-16),,Almox Prod Especiais
MP,,219199,RETENTOR REF 01549-BRA (ARCA/SABÓ),,Almox Prod Especiais
MP,,219447,CORDA NYLON TRANÇADA PET 06mm.,,Almox Prod Especiais
MP,,219527,BASE RELE 4 SAIDAS ETE8006,,Almox Prod Especiais
MP,,222106,KIT SUPORTE MAIS FILTRO DE RETORNO SPIN NOMINAL - PAPEL - 60 L/MIN - ROSCA 1 BSP,,Almox Prod Especiais
MP,,222111,VALV. DE RETENCAO TN10 - ROSCA 1/2 BSP,,Almox Prod Especiais
MP,,222113,"(USAR O 222133) BARRA ROSCADA FERRO GALV. 1/2"" X 1MT",,Almox Prod Especiais
MP,,222114,"BARRA ROSC FERRO GALV. 5/8"" X 1MT",,Almox Prod Especiais
MP,,222116,"BARRA ROSC FERRO GALV. 3/4"" X 1MT",,Almox Prod Especiais
MP,,222133,"BARRA ROSC FERRO GALV. 1/2"" X 1MT",,Almox Prod Especiais
MP,,222143,CHICOTE PLUG DEUTSCH,,Almox Prod Especiais
MP,,222144,"VALV. DIVISORA DE FLUXO 50/50 3/4"" UNF",,Almox Prod Especiais
MP,,222145,CAIXA DE TRANSMISSÃO INPEL CT14501-ZH,,Almox Prod Especiais
MP,,222146,LIMITADOR DE TORQUE INPEL LT9003-Z,,Almox Prod Especiais
MP,,222151,CONTRA PINO 1/4 X 3.1/2,,Almox Prod Especiais
MP,,222195,TOMADA P/ REBOQUE FEMEA 7 POLOS PRETA,,Almox Prod Especiais
MP,,222196,TOMADA P/ REBOQUE MACHO 7 POLOS PRETA,,Almox Prod Especiais
MP,,222198,AMORTECEDOR MOLA A GÁS SIMPLES AÇÃO 175KG,,Almox Prod Especiais
MP,,222206,TOMADA CONECTOR MACHO 16 PINOS C/ TRAVA,,Almox Prod Especiais
MP,,222209,TOMADA CONECTOR MACHO 24 PINOS C/ TRAVA,,Almox Prod Especiais
MP,,222217,"PINO TRAVA BUSSAL 3/8 X 2.1/4"" C/ARGOLA",,Almox Prod Especiais
MP,,222264,PINO DE PRESSAO 6 X32,,Almox Prod Especiais
MP,,222356,"GRAMPO R 4,5 X 80 ZB",,Almox Prod Especiais
MP,,222410,"ARO DE RODA 20"" C/ANEL CBH 8T",,Almox Prod Especiais
MP,,222411,CUBO P/ DIST. CALCÁRIO C/ PARAF. E PORCAS,,Almox Prod Especiais
MP,,222422,CILINDRO LAT. CBHL - INT 60mm x HST 25mm - CURSO 181mm,,Almox Prod Especiais
MP,,222438,AÇO MT 60.00 CROMADO SAE 1045 NORMAL - CBH 6t/CBHM CAFEEIRA,,Almox Prod Especiais
MP,,222448,TUBO TCB 080 X 070 X 05 ST52 BRUN,,Almox Prod Especiais
MP,,222452,CABEÇOTE GUIA C/ VED. CN.080XH.060,,Almox Prod Especiais
MP,,222453,EMBOLO C/ VED. CN 080-080x030x050,,Almox Prod Especiais
MP,,222454,FUNDO CN.080 080x095x012 FD,,Almox Prod Especiais
MP,,222455,OLHAL TUBULAR 063X040X100,,Almox Prod Especiais
MP,,222456,PORCA AUTO TRAVANTE MÉTRICA ALTA M30X2,,Almox Prod Especiais
MP,,222457,TOMADA DE OLEO TB LIG16H30,,Almox Prod Especiais
MP,,222459,TOMADA DE OLEO 1/2 BSP,,Almox Prod Especiais
MP,,222462,TUBO TLH 016X2 USINADO,,Almox Prod Especiais
MP,,222463,TUBO TCH 095x080x07.5 BRUNIDO C/ PROTEÇÃO - CTH4500,,Almox Prod Especiais
MP,,222464,DISTANCIADOR H060,,Almox Prod Especiais
MP,,222859,CONTRA PINO 3/16 X 3,,Almox Prod Especiais
MP,,226110,"ESTICADOR P/CABO DE AÇO 1"" GANCHO/OLHAL",,Almox Prod Especiais
MP,,226112,"ESTICADOR P/CABO DE AÇO 7/8"" GANCHO/OLHAL",,Almox Prod Especiais
MP,,226114,MOLA TRAÇÃO MT 4X29 5X104X151 5T CRUZ,,Almox Prod Especiais
MP,,226183,"EMENDA DUPLA P/ CORR. ASA-50 5/8""",,Almox Prod Especiais
MP,,226185,EMENDA 2050 - INOX,,Almox Prod Especiais
MP,,226404,"CORRENTE DUPLA ASA-50 5/8""",,Almox Prod Especiais
MP,,226407,"CORRENTE SIMPLES ASA-100 1.1/4""",,Almox Prod Especiais
MP,,236206,MANCAL DE APOIO TIPO P205 C/ ROLAMENTO 25MM,,Almox Prod Especiais
MP,,236208,MANCAL APOIO P206,,Almox Prod Especiais
MP,,236212,MANCAL PA 206,,Almox Prod Especiais
MP,,236214,MANCAL DE APOIO TIPO P204 C/ ROLAMENTO 20MM,,Almox Prod Especiais
MP,,236220,MANCAL TUJ 506,,Almox Prod Especiais
MP,,238408,MOLA PARA APLICADOR TNT,,Almox Prod Especiais
MP,,240215,"MANG A/P SAE-100 3/8"" x 4500mm - 1 TERM. RETO 1 TERM. A 90º",,Almox Prod Especiais
MP,,240217,"MANG A/P SAE-100 3/8"" x 1400mm TERM. RETO/RETO JIC 3/4""",,Almox Prod Especiais
MP,,240233,"MANG A/P SAE-100 3/8"" X 400 TERM. 90° JIC 3/4""FEMEA X RETO JIC 3/4"" UNF FEMEA",,Almox Prod Especiais
MP,,240256,"MANG. A/P 5/8""x 700MM TERM. RETO/RETO JIC 7/8""",,Almox Prod Especiais
MP,,240258,"MANG. A/P 5/8""x 1200MM TERM. RETO/RETO JIC 7/8""",,Almox Prod Especiais
MP,,240262,ADAPTADOR MACHO JIC 3/4 X 3/8 NPT,,Almox Prod Especiais
MP,,240270,JOELHO 90º MACHO JIC 3/4 X 3/4 FEMEA JIC,,Almox Prod Especiais
MP,,240273,UNIAO MACHO JIC 3/4 X 3/4 BSP,,Almox Prod Especiais
MP,,240276,"MANG. A/P 5/8"" X 900MM TERM. RETO/RETO JIC 7/8""",,Almox Prod Especiais
MP,,240301,TERM FEMEA JIC 90 MANG 3/8 X 3/4,,Almox Prod Especiais
MP,,240302,TERM RETO FEMEA JIC MANG 3/8 X 3/4,,Almox Prod Especiais
MP,,240365,"MANG. A/P 5/8""x 2200MM TERM. RETO/RETO JIC 7/8""",,Almox Prod Especiais
MP,,240442,"MANG R2 - 3/8"" X 1200 - TERM. RETO/90 FEMEA JIC 3/4""",,Almox Prod Especiais
MP,,240464,"UNIAO MACHO JIC 7/8"" x 7/8""",,Almox Prod Especiais
MP,,240467,"ADAPTADOR MACHO JIC 1.5/16"" x 1"" - NPT",,Almox Prod Especiais
MP,,240510,"CIL. COMPL. 2"" x 180MM CÓD.CJ 429",,Almox Prod Especiais
MP,,240549,ADAPT. MACHO JIC 3/4 X 1/2 NPT,,Almox Prod Especiais
MP,,240590,"ADAPT. 1/2"" NPTF X 3/4-16-PTT-30°",,Almox Prod Especiais
MP,,240643,"CILINDRO 2 ESTAGIO 57,15 MM BASC. LATERAL",,Almox Prod Especiais
MP,,240846,"JOELHO FG JIC 7/8"" X MACHO JIC 7/8""",,Almox Prod Especiais
MP,,248787,BUCHA REDUÇÃO SOLDADA LONGA 75x50,,Almox Prod Especiais
MP,,251008,"PARAF ALLEN S/C 1/4"" X 1/2""",,Almox Prod Especiais
MP,,254877,"MANGUEIRA 3/4"" TRANÇADA",,Almox Prod Especiais
MP,,255454,"PARAF RODA MB (1.50) 10.9 22X89 ESPIRAL MBB CÓD. 812371 (7/8""X2.1/2"" UNF)",,Almox Prod Especiais
MP,,256017,PARAF FRANC 1/2 X 3.1/2 C/PORCA,,Almox Prod Especiais
MP,,256020,PARAF FRANC 1/2 X 1.1/2 GALV,,Almox Prod Especiais
MP,,256021,"PARAF FRANC INOX 1/2 X 1.1/2""",,Almox Prod Especiais
MP,,256027,"PARAF FRANC INOX 1/4 X 1""",,Almox Prod Especiais
MP,,256028,"PARAF FRANC INOX 5/16 X 1""",,Almox Prod Especiais
MP,,256030,"PARAF FRANC INOX 5/16 X 2.1/2""",,Almox Prod Especiais
MP,,256033,"PARAF FRANC INOX 5/16 X 1.1/2""",,Almox Prod Especiais
MP,,256161,"PARAF FRANC 3/8 X 2""",,Almox Prod Especiais
MP,,256596,"PARAFUSO FRANCES 1/4"" X 1"" UNC",,Almox Prod Especiais
MP,,257085,"PARAFUSO ALLEN 1/4"" X 1"" UNF",,Almox Prod Especiais
MP,,257086,"PARAF ALLEN C/ CAB 1/4 X 5/8"" UNF (NÃO USAR, SUBSTITUÍDO.)",,Almox Prod Especiais
MP,,257089,"PARAF ALLEN C/CAB 1/4 X 1.1/4"" UNF",,Almox Prod Especiais
MP,,257091,"PARAF ALLEN S/CAB 1/4 X 1/4"" UNC",,Almox Prod Especiais
MP,,257092,"PARAF ALLEN S/CAB 1/4 X 5/8"" UNC",,Almox Prod Especiais
MP,,257094,"PARAF ALLEN C/CAB 1/4 X 1/2"" UNF",,Almox Prod Especiais
MP,,257109,PARAF AA FERRO 4.8 (10 X 13) 1/2 CHATA,,Almox Prod Especiais
MP,,257111,"PARAF. ALLEN INOX C/CAB. 1/4 X 1.1/4"" UNC",,Almox Prod Especiais
MP,,257115,"PARAF. MAQ. INOX. 1/4"" X 1"" CAB. CHATA",,Almox Prod Especiais
MP,,257121,"PARAF. MAQ. FENDA. 5/16"" X 1"" CAB. CHATA",,Almox Prod Especiais
MP,,257122,"PARAF. MAQ. FENDA. 5/16"" X 1.1/2"" CAB. CHATA",,Almox Prod Especiais
MP,,257123,"PARAF. MAQ. FENDA. 5/16"" X 1.3/4"" CAB. CHATA",,Almox Prod Especiais
MP,,257127,"PARAF. MAQ. FENDA. 1/8"" X 1"" CAB. CHATA",,Almox Prod Especiais
MP,,257130,"PARAF. MAQ. FENDA. 5/16"" X 1.1/4"" CAB. CHATA",,Almox Prod Especiais
MP,,257131,"PARAFUSO ALLEN C/C 1/4"" X 2.1/2"" UNC G5 (8.8)",,Almox Prod Especiais
MP,,257138,PARAF ALLEN S/C 5/16X1/2 UNC,,Almox Prod Especiais
MP,,257164,"PARAF. ALLEN S/CAB 3/16 X 1/2"" UNC",,Almox Prod Especiais
MP,,257308,PARAF ALLEN 3/8 X 1.1/4,,Almox Prod Especiais
MP,,257357,PARAF ALLEN 3/8 X 2,,Almox Prod Especiais
MP,,257358,"PARAF ALLEN S/CAB 3/8 X 2"" UNC",,Almox Prod Especiais
MP,,257382,PARAF ALLEN 3/8 X 3/4,,Almox Prod Especiais
MP,,257503,PARAF ALLEN 5/16 X 1.1/4 UNC,,Almox Prod Especiais
MP,,257517,"PARAFUSO ALLEN C/C 5/16"" X 4.1/2"" UNC 8.8",,Almox Prod Especiais
MP,,257520,PARAFUSO ALLEN C/C MA 10 X 25 8.8,,Almox Prod Especiais
MP,,257645,"PARAF ALLEN 1/4 X 2"" NC C/CAB.",,Almox Prod Especiais
MP,,257646,"PARAFUSO ALLEN C/C 1/4"" X 3"" UNC G8 (10.9)",,Almox Prod Especiais
MP,,257655,PARAF ALLEN S/C 5/16X5/16 UNC,,Almox Prod Especiais
MP,,257698,"PARAFUSO ALLEN C/C 1/4"" X 3"" UNC G5 (8.8)",,Almox Prod Especiais
MP,,258003,PARAF SEX 3/8 X 1.1/4 UNC ZB,,Almox Prod Especiais
MP,,258015,PARAF SEX 1/4 X 1 UNC,,Almox Prod Especiais
MP,,258155,PARAF SEX 1/2 X 3.1/2 UNC ZB,,Almox Prod Especiais
MP,,258179,PARAF SEX 1/2 X 4.1/2 UNC,,Almox Prod Especiais
MP,,258182,PARAF SEX 1 X 4 UNC,,Almox Prod Especiais
MP,,258234,PARAF SEX 3/4 X 2 UNC ZB,,Almox Prod Especiais
MP,,258237,"PARAF SEX 1/4 X 2.1/2"" UNC ZB",,Almox Prod Especiais
MP,,258258,PARAF SEX 3/4 X 4 UNF ZB,,Almox Prod Especiais
MP,,258271,PARAF SEX 3/8 X 1.1/2 UNC,,Almox Prod Especiais
MP,,258362,PARAF SEX 3/8 X 2.1/2 UNC ZB,,Almox Prod Especiais
MP,,258374,PARAF SEX 3/8 X 3.1/2 UNC,,Almox Prod Especiais
MP,,258398,PARAF SEX 3/8 X 3/4 UNC ZB,,Almox Prod Especiais
MP,,258416,PARAF SEX 5/16X 1.1/4 UNC,,Almox Prod Especiais
MP,,258532,"PARAF SEX 1/2 X 2 "" UNC ZB",,Almox Prod Especiais
MP,,258556,PARAF SEX 5/8 X 1.1/2 UNC,,Almox Prod Especiais
MP,,258647,PARAF SEX 5/8 X1.1/4 UNC ZB,,Almox Prod Especiais
MP,,258812,"PARAF SEX 1/4"" X 2.1/4"" UNC 8.8",,Almox Prod Especiais
MP,,258831,PARAF SEX 1/4 X 7/8 UNC,,Almox Prod Especiais
MP,,258909,PARAF SEX 3/4 X 3 UNF ZB,,Almox Prod Especiais
MP,,259033,PARAF SEX 1/2 X 2.1/4 UNF ZB,,Almox Prod Especiais
MP,,259070,PARAF SEX Z 3/16X 3/4 8.8UNC,,Almox Prod Especiais
MP,,259081,PARAF SEX RT5/8 X 1.1/2 8.8UNC,,Almox Prod Especiais
MP,,259158,PARAF P/PASTA NIQUELADO 10MM,,Almox Prod Especiais
MP,,259217,"PARAF SEX 5/16X 5"" UNC",,Almox Prod Especiais
MP,,259329,"PARAF SEX INOX 1/4 X 3/4"" UNC",,Almox Prod Especiais
MP,,259354,"PARAF SEX INOX 3/8 X 1.1/2"" UNC",,Almox Prod Especiais
MP,,259355,"PARAF SEX INOX 3/8 X 1"" UNC",,Almox Prod Especiais
MP,,259356,"PARAF SEX INOX 1/2 X 1.1/4"" UNC",,Almox Prod Especiais
MP,,259358,"PARAF SEX INOX MA 10MM X 20MM PASSO 1,5MM",,Almox Prod Especiais
MP,,259359,"PARAF SEX INOX MA 12MM X 30MM PASSO 1,75MM",,Almox Prod Especiais
MP,,259361,"PARAF SEX INOX 1/2 X 2"" UNC",,Almox Prod Especiais
MP,,259362,"PARAF SEX INOX 1/2 X 1"" UNC",,Almox Prod Especiais
MP,,259363,"PARAF SEX INOX 3/8 X 1.1/4"" UNC",,Almox Prod Especiais
MP,,259371,"PARAF SEX INOX 3/8 X 2.1/2"" UNC",,Almox Prod Especiais
MP,,259373,"PARAF SEX INOX 5/16 X 1"" UNC",,Almox Prod Especiais
MP,,259374,"PARAF SEX INOX 5/16 X 2"" UNC",,Almox Prod Especiais
MP,,259377,"PARAF SEX INOX 5/8 X 3.1/2"" UNC",,Almox Prod Especiais
MP,,259383,"PARAF SEX INOX 1/4 X 7/8"" UNC",,Almox Prod Especiais
MP,,259384,"PARAF SEX INOX 1/4 X 2.1/2"" UNC",,Almox Prod Especiais
MP,,259387,"PARAF SEX INOX 5/16 X 1.1/4"" UNF",,Almox Prod Especiais
MP,,259391,"PARAF SEXT INOX 1/4 X 1.1/4"" UNC",,Almox Prod Especiais
MP,,259395,"PARAF SEXT INOX 1/4 X 1.1/2"" UNC",,Almox Prod Especiais
MP,,259396,"PARAF SEXT INOX 1/4 X 1"" UNC",,Almox Prod Especiais
MP,,259399,"PARAF SEXT INOX 3/8 X 2"" UNC",,Almox Prod Especiais
MP,,259401,"PARAF SEXT INOX 3/8 X 4.1/2"" UNC",,Almox Prod Especiais
MP,,259402,"PARAF SEXT INOX 3/8 X 5"" UNC",,Almox Prod Especiais
MP,,259768,PARAF SEX Z M6 X 20,,Almox Prod Especiais
MP,,259770,PARAF SEX M5 X 20,,Almox Prod Especiais
MP,,260071,PARAF SEX 5/8 X 2 UNC ZB,,Almox Prod Especiais
MP,,260101,PARAF SEX 1/2 X 1.1/2 UNC ZB,,Almox Prod Especiais
MP,,260113,PARAF SEX 1/2 X 1 UNC ZB,,Almox Prod Especiais
MP,,260137,PARAF SEX 5/8 X 2.1/4 UNC,,Almox Prod Especiais
MP,,260174,PARAF SEX 1/2 X 1.3/4 8.8UNF,,Almox Prod Especiais
MP,,260204,PARAF SEX 5/8 X 1.1/4 UNF,,Almox Prod Especiais
MP,,260265,PARAF SEX 1/2 X 1.1/4 8.8UNC ZB,,Almox Prod Especiais
MP,,260277,PARAF SEX 1/2 X 1.1/2 8.8UNC,,Almox Prod Especiais
MP,,260307,PARAF SEX 5/8 X 3.1/2 8.8UNF ZB,,Almox Prod Especiais
MP,,260309,"PARAF SEX 5/8 X 3.1/2"" UNC",,Almox Prod Especiais
MP,,260311,"PARAF SEXT 5/8 X 3"" G5 (8.8) UNC R.I",,Almox Prod Especiais
MP,,260461,PARAF SEX 3/8 X 2.3/4 UNC,,Almox Prod Especiais
MP,,260526,PARAF SEX 1/2 X 4 - UNC,,Almox Prod Especiais
MP,,260600,PARAF SEX 5/8 X 4.1/2 UNC,,Almox Prod Especiais
MP,,260666,PARAF SEX 1/2 X 1.3/4 UNC ZB,,Almox Prod Especiais
MP,,260812,PARAF SEX 5/16X 1/2 UNC,,Almox Prod Especiais
MP,,260824,PARAF SEX 5/8 X 2.1/2 UNC,,Almox Prod Especiais
MP,,260836,PARAF SEX 1/2 X 2.1/4 8.8UNC ZB,,Almox Prod Especiais
MP,,260940,PARAF SEX 1 X 7 UNC,,Almox Prod Especiais
MP,,260941,"PARAF SEX 1 X 9"" UNC",,Almox Prod Especiais
MP,,260988,PARAF SEX 5/8 X 1.3/4 UNC ZB,,Almox Prod Especiais
MP,,268408,PNEU 4.80/4.00X8 LEV B (CÓD.14749),,Almox Prod Especiais
MP,,268410,PNEU RODOV. 650 X16 CT52 6 Pr - 06 LONAS,,Almox Prod Especiais
MP,,272103,PORCA CAST 5/8 ALT 13.59 UNF,,Almox Prod Especiais
MP,,272152,"PORCA CAST. DE 3/4"" UNF ZB",,Almox Prod Especiais
MP,,272402,"PORCA CAST. DE 1"" UNC ZB",,Almox Prod Especiais
MP,,272403,"PORCA AC SX OSC C32/AA29 M22X1,50 CL10 CÓD. 79415 (7/8"" UNF)",,Almox Prod Especiais
MP,,272505,PORCA CAST 1.1/2 S/COROA - UNF ZB,,Almox Prod Especiais
MP,,274100,PORCA SEX 1/2 12 F - ZB,,Almox Prod Especiais
MP,,274124,PORCA SEX 1/2 UNC ZB,,Almox Prod Especiais
MP,,274150,"PORCA SEX 3/4"" UNF ZB",,Almox Prod Especiais
MP,,274185,"PORCA SEXT. INOX - 3/8"" UNC",,Almox Prod Especiais
MP,,274186,"PORCA SEXT. INOX - 5/16"" UNC",,Almox Prod Especiais
MP,,274203,"PORCA SEX 3/4"" UNC ZB",,Almox Prod Especiais
MP,,274216,PORCA NY AT 1/2 WW,,Almox Prod Especiais
MP,,274288,"PORCA SEX 5/8"" UNF ZB",,Almox Prod Especiais
MP,,274306,"PORCA SEX 5/8"" UNC ZB",,Almox Prod Especiais
MP,,274355,PORCA SEX 1/4 UNF,,Almox Prod Especiais
MP,,274367,"PORCA SEXT. INOX - 1/8"" UNC",,Almox Prod Especiais
MP,,274409,"PORCA SEX 1/4"" UNC ZB",,Almox Prod Especiais
MP,,274501,PORCA SEX 3/16 UNC,,Almox Prod Especiais
MP,,274604,"PORCA SEX 3/8"" UNC ZB",,Almox Prod Especiais
MP,,275062,"PORCA A/T. NY. 7/8"" UNF ZB ALTA",,Almox Prod Especiais
MP,,275098,"PORCA A/T. NY 3/4"" ALTA UNF-ZB",,Almox Prod Especiais
MP,,275118,"PORCA A/T. NY. INOX 3/8"" UNC",,Almox Prod Especiais
MP,,275125,"PORCA SEXT. INOX 1/2"" UNC",,Almox Prod Especiais
MP,,275126,"PORCA SEXT. INOX 5/8"" UNC",,Almox Prod Especiais
MP,,275165,CONTRA-PORCA 3/4 UNC,,Almox Prod Especiais
MP,,279158,PORCA SEX 1 UNC,,Almox Prod Especiais
MP,,282156,"REBITE DE ALUMINIO 4,8 x 16MM (516)",,Almox Prod Especiais
MP,,282158,"REBITE DE ALUMINIO 3,2 x 15MM",,Almox Prod Especiais
MP,,282160,"REBITE DE ALUMINIO 6,2 x 15MM",,Almox Prod Especiais
MP,,282164,"REBITE REPUXO DE ALUMINIO 6,2 x 21MM",,Almox Prod Especiais
MP,,284181,RETENTOR REF 01767 BR - SABÓ,,Almox Prod Especiais
MP,,284285,RETENTOR REF 053 BRG (AR-2196) (ARCA/SABÓ),,Almox Prod Especiais
MP,,284854,RETENTOR REF 01602 BAG,,Almox Prod Especiais
MP,,288204,ROLAMENTO REF 6004-2RS 1º LINHA,,Almox Prod Especiais
MP,,288208,ROLAMENTO YAR 206-2F,,Almox Prod Especiais
MP,,289269,ROLAMENTO REF. 32214 1º LINHA,,Almox Prod Especiais
MP,,291073,"CB FLEX 1KV 04X004,00MM",,Almox Prod Especiais
MP,,291074,"CB FLEX 1KV 04X002,50MM",,Almox Prod Especiais
MP,,291077,"CB PP 500V 02X001,00MM",,Almox Prod Especiais
MP,,291083,"CB FLEX 01X035,00MM",,Almox Prod Especiais
MP,,291086,"CB FLEX 006,00MM",,Almox Prod Especiais
MP,,291089,"CB FLEX 750V 4,00MM P/ INDUSTRIALIZAÇÃO",,Almox Prod Especiais
MP,,292011,"BUJAO GALV 1/2"" BSP",,Almox Prod Especiais
MP,,292027,"TEE DE REDUÇÃO 3.1/2"" PARA 2.1/2"" SCHEDULE 40",,Almox Prod Especiais
MP,,292968,"VALVULA DE ALIVIO C/ DISCO MET 2""",,Almox Prod Especiais
MP,,299406,"MEIA EMENDA DUPLA P/CORR. ASA 50 5/8""",,Almox Prod Especiais
MP,,299535,BUCHA MENOR - 32168 -,,Almox Prod Especiais
MP,,299536,BUCHA MAIOR - 032167,,Almox Prod Especiais
MP,,299704,BUCHA GSM-2630-16 (IGLIDUR) - RG,,Almox Prod Especiais
MP,,299960,CARDAN REF. CC-2558/1P C/PROTECAO,,Almox Prod Especiais
MP,,350102,ARAME COBREADO MIG 1.2 (ER70S6),,Almox Prod Especiais
MP,,350104,"ARAME MIG P/ SOLDA INOX - 0,8mm.",,Almox Prod Especiais
MP,,350107,ARAME MIG P/ SOLDA INOX - 1.0MM,,Almox Prod Especiais
MP,,534473,CABO PP 500V 2 X 1MM,,Almox Prod Especiais
MP,,622148,PLATAFORMA- SELECIONADORA DE FRUTAS,,Almox Prod Especiais
PEÇA,,026064,CHAPEAMENTO - SUPORTE DE ARTICULAÇÃO DO EIXO CARRETA ROBUSTA 12T,,Almox Prod Especiais
PEÇA,,026791,HASTE DO BRAÇO MÓVEL - APLICADOR DE TNT,,Almox Prod Especiais
PEÇA,,026794,BRAÇADEIRA [CHASSI - TNT],,Almox Prod Especiais
PEÇA,,026817,COMPLEMENTO CONJUNTO LIMITADOR HORIZONTAL - APLICADOR DE TNT,,Almox Prod Especiais
PEÇA,,026818,CORPO CONJUNTO LIMITADOR HORIZONTAL - APLICADOR DE TNT,,Almox Prod Especiais
PEÇA,,026871,CAPA DA RODA [RODA GUIA - TRP6000],,Almox Prod Especiais
PEÇA,,026876,PINO 2º PONTO - PRÉ-ENCANTEIRADOR,,Almox Prod Especiais
PEÇA,,026877,APOIO DO RASPADOR - CHASSI - TRANSPLANTADEIRA,,Almox Prod Especiais
PEÇA,,026879,RASPADOR - CHASSI - TRANSPLANTADEIRA,,Almox Prod Especiais
PEÇA,,026928,EIXO DA RODA MARCADORA 5 BICOS - TRANSPLANTADEIRA,,Almox Prod Especiais
PEÇA,,027026,DEFLETOR TRASEIRO - ENCANTEIRADOR DE 03 LINHAS,,Almox Prod Especiais
PEÇA,,027032,SUPORTE DO SOMBRITE _ MÁQUINA P/ COLHEITA DE FRUTAS,,Almox Prod Especiais
PEÇA,,027065,PONTA DE EIXO [APLICADOR DE TNT],,Almox Prod Especiais
PEÇA,,027109,CHAPA SUPERIOR DEFLETOR TRASEIRO - DEFLETOR TRASEIRO - ENCANTEIRADOR DE 03 LINHAS,,Almox Prod Especiais
PEÇA,,027110,CHAPA LATERAL DO ENCANTEIRADOR TRASEIRO - DEFLETOR TRASEIRO - ENCANTEIRADOR DE 03 LINHAS,,Almox Prod Especiais
PEÇA,,027131,CHAPA LATERAL VERTICAL - DEFLETOR TRASEIRO - ENCANTEIRADOR DE 03LINHAS,,Almox Prod Especiais
PEÇA,,027209,TUBO DE DESCIDA DA FITA - CONJUNTO SOLDADO DE DESCIDA DA FITA - ENCANTEIRADOR DE 03 LINHAS,,Almox Prod Especiais
PEÇA,,027269,PINHAO 13 DENTES MOVIDO - ROBUSTA 12T PARA COMPOSTO,,Almox Prod Especiais
PEÇA,,027287,COLUNA MÓVEL PROTEÇÃO- PLATAFORMA - SELECIONADORA DE FRUTAS,,Almox Prod Especiais
PEÇA,,027317,CHAPA SOLDADA DEFLETOR - DEFLETOR TRASEIRO - ENCANTEIRADOR DE 3 LINHAS,,Almox Prod Especiais
PEÇA,,027326,LAMINA DEFLETOR DIANTEIRO MEDIANO - DEFLETOR DIANTEIRO - ENCANTEIRADOR DE 3 LINHAS,,Almox Prod Especiais
PEÇA,,027430,TUBO GUIA DO ESTICADOR (30x30) _ MÁQUINA P/ COLHEITA DE FRUTAS,,Almox Prod Especiais
PEÇA,,027432,REFORÇO DO TUBO GUIA _ MÁQUINA P/ COLHEITA DE FRUTAS,,Almox Prod Especiais
PEÇA,,027470,TUBO _ ESTICADOR INTERNO P207 (25x25) _ MÁQUINA P/ COLHEITA DE FRUTAS,,Almox Prod Especiais
PEÇA,,027509A,LONGARINA INFERIOR- SELECIONADORA DE FRUTAS (A),,Almox Prod Especiais
PEÇA,,027509B,LONGARINA INFERIOR- SELECIONADORA DE FRUTAS (B),,Almox Prod Especiais
PEÇA,,027510A,LONGARINA SUPERIOR- SELECIONADORA DE FRUTAS (A),,Almox Prod Especiais
PEÇA,,027510B,LONGARINA SUPERIOR- SELECIONADORA DE FRUTAS (B),,Almox Prod Especiais
PEÇA,,027537,CHAPA LATERAL INCLINADA APOIO CABO DE AÇO- ESTEIRA MÓVEL- MÁQ P/ COLHEITA DE FRUTAS,,Almox Prod Especiais
PEÇA,,027552,TIRA DE AÇO INFERIOR MENOR - ESTEIRA INTERMEDIÁRIA- MÁQ P/ COLHEITA DE FRUTAS,,Almox Prod Especiais
PEÇA,,027555,TIRA DE AÇO INFERIOR MAIOR - ESTEIRA INTERMEDIÁRIA- MÁQ P/ COLHEITA DE FRUTAS,,Almox Prod Especiais
PEÇA,,027557,TIRA DE AÇO INFERIOR MEDIANA - ESTEIRA INTERMEDIÁRIA- MÁQ P/ COLHEITA DE FRUTAS,,Almox Prod Especiais
PEÇA,,027585,CHAPA DE LIGAÇÃO FURADA - ESTEIRA MÓVEL- MÁQ P/ COLHEITA DE FRUTAS,,Almox Prod Especiais
PEÇA,,027611,BASE INTERMEDIÁRIA - SELECIONADORA DE FRUTAS,,Almox Prod Especiais
PEÇA,,027613,LATERAL BALANÇA- SELECIONADORA DE FRUTAS,,Almox Prod Especiais
PEÇA,,027614,LATERAL MAIOR- SELECIONADORA DE FRUTAS,,Almox Prod Especiais
PEÇA,,027617,ORELHA SAÍDA BALANÇA- SELECIONADORA DE FRUTAS,,Almox Prod Especiais
PEÇA,,027740B,CALHA MAIOR- SELECIONADORA DE FRUTAS (B),,Almox Prod Especiais
PEÇA,,027756,CHAPA DE FECHAMENTO FUSO - ESTEIRA MÓVEL- MÁQ P/ COLHEITA DE FRUTAS,,Almox Prod Especiais
PEÇA,,027767,PORTA BANDEJA DUPLO - TRANSPLANTADEIRA,,Almox Prod Especiais
PEÇA,,027818A,APOIO DO TRILHO CENTRAL- SELECIONADORA DE FRUTAS (A),,Almox Prod Especiais
PEÇA,,027818B,APOIO DO TRILHO CENTRAL- SELECIONADORA DE FRUTAS (B),,Almox Prod Especiais
PEÇA,,028017,CHAPA INFERIOR DO BRAÇO - MÁQ P/ COLHEITA DE FRUTAS,,Almox Prod Especiais
PEÇA,,028064,TUBO DE ESBARRO DO APOIO - MÁQ P/ COLHEITA DE FRUTAS,,Almox Prod Especiais
PEÇA,,028073,FECHAMENTO ENCAIXE MAIOR - ESTEIRA MÓVEL- MÁQ P/ COLHEITA DE FRUTAS,,Almox Prod Especiais
PEÇA,,028074,FECHAMENTO ENCAIXE MENOR - ESTEIRA MÓVEL- MÁQ P/ COLHEITA DE FRUTAS,,Almox Prod Especiais
PEÇA,,028086,FECHAMENTO DO TUBO GUIA (30x30) _ MÁQUINA P/ COLHEITA DE FRUTAS,,Almox Prod Especiais
PEÇA,,028093,FUSO- ESTEIRA MÓVEL- MÁQ P/ COLHEITA DE FRUTAS,,Almox Prod Especiais
PEÇA,,028103,CHAPA POSTERIOR DO BRAÇO - MÁQ P/ COLHEITA DE FRUTAS,,Almox Prod Especiais
PEÇA,,028104,CHAPA ANTERIOR DO BRAÇO - MÁQ P/ COLHEITA DE FRUTAS,,Almox Prod Especiais
PEÇA,,028128,LONGARINA CENTRAL- SELECIONADORA DE FRUTAS,,Almox Prod Especiais
PEÇA,,028128A,LONGARINA CENTRAL- SELECIONADORA DE FRUTAS (A),,Almox Prod Especiais
PEÇA,,028128B,LONGARINA CENTRAL- SELECIONADORA DE FRUTAS (B),,Almox Prod Especiais
PEÇA,,028164,CHAPA DE REDUÇÃO DO ROLO MAIOR- SELECIONADORA DE FRUTAS,,Almox Prod Especiais
PEÇA,,028238,ORELHA MAIOR- SELECIONADORA DE FRUTAS,,Almox Prod Especiais
PEÇA,,028313,EIXO MOTOR - ESTEIRA HORIZONTAL - SELECIONADORA DE FRUTAS,,Almox Prod Especiais
PEÇA,,028314,EIXO MOVIDO - ESTEIRA HORIZONTAL - SELECIONADORA DE FRUTAS,,Almox Prod Especiais
PEÇA,,028497,CHAPA VIRADA INFERIOR DA GAIOLA - GAIOLA - MÁQ P/ COLHEITA DE FRUTAS,,Almox Prod Especiais
PEÇA,,028693,CALHA- SELECIONADORA DE FRUTAS,,Almox Prod Especiais
PEÇA,,028728,RODA DENTADA 28 DENTES - MÓDULO MOTOR - SELECIONADORA DE FRUTAS,,Almox Prod Especiais
PEÇA,,028810,GANCHO DO FECHO RÁPIDO CBH/CBHM,,Almox Prod Especiais
PEÇA,,029057,CHAPA REFORÇO PERFIL LONG - ESTEIRA MÓVEL- MÁQ P/ COLHEITA DE FRUTAS,,Almox Prod Especiais
PEÇA,,029091,TIRANTE MOVIDO DA TRAVA - ESTEIRA MÓVEL- MÁQ P/ COLHEITA DE FRUTAS,,Almox Prod Especiais
PEÇA,,029104,FLANGE DO TANQUE - MÁQ P/ COLHEITA DE FRUTAS,,Almox Prod Especiais
PEÇA,,029127,CHAPA DE FIXAÇÃO DO APOIO DA TUB. [TRANSPLANTADEIRA],,Almox Prod Especiais
PEÇA,,029135,DEGRAU- ESTEIRA PRINCIPAL- MÁQ P/ COLHEITA DE FRUTAS,,Almox Prod Especiais
PEÇA,,029144,FIXAÇÃO PNEU - ESTEIRA PRINCIPAL - MÁQ PARA COLHEITA,,Almox Prod Especiais
PEÇA,,029166,ORELHA FIXAÇÃO TETO - MÁQ P/ COLHEITA DE FRUTAS,,Almox Prod Especiais
PEÇA,,029174,TUBO LATERAL TETO - GAIOLA - MÁQ P/ COLHEITA DE FRUTAS,,Almox Prod Especiais
PEÇA,,029175,TUBO LONGITUDINAL - MÁQ P/ COLHEITA DE FRUTAS,,Almox Prod Especiais
PEÇA,,029180,TUBO RECORTADO MENOR - MÁQ P/ COLHEITA DE FRUTAS,,Almox Prod Especiais
PEÇA,,029183,ABRAÇADEIRA TETO DA GAIOLA - GAIOLA MOTORISTA- MÁQ P/ COLHEITA DE FRUTAS,,Almox Prod Especiais
PEÇA,,029192,FECHAMENTO TETO - MÁQ P/ COLHEITA DE FRUTAS,,Almox Prod Especiais
PEÇA,,029243,CHAPA DO REGULADOR - REGULADOR DISCO MAIOR - PRÉ-ENCANTEIRADOR,,Almox Prod Especiais
PEÇA,,029328,REFORÇO INFERIOR DO PERFIL - EST PRINCIPAL - MÁQ P/ COLHEITA DE FRUTAS,,Almox Prod Especiais
PEÇA,,029329,ORELHA INFERIOR FIXAÇÃO SUP - EST PRINCIPAL - MÁQ P/ COLHEITA DE FRUTAS,,Almox Prod Especiais
PEÇA,,029359,PERFIL RECORTADO MAIOR LE - MÁQ P/ COLHEITA DE FRUTAS,,Almox Prod Especiais
PEÇA,,029361,PERFIL RECORTADO MENOR LE - MÁQ P/ COLHEITA DE FRUTAS,,Almox Prod Especiais
PEÇA,,029370,SUPORTE DOS MEDIDORES _ GAIOLA COMPLETA _ MÁQUINA P/ COLHEITA DE FRUTAS,,Almox Prod Especiais
PEÇA,,029394,CANTONEIRA CHAPA POSTERIOR - GAIOLA - MÁQ P/ COLHEITA DE FRUTAS,,Almox Prod Especiais
PEÇA,,029478IN,COMPORTA LATERAL INOX [ROBUSTA 12T],,Almox Prod Especiais
PEÇA,,029499,PRENDEDOR DO TUBO DE RETORNO [MCF],,Almox Prod Especiais
PEÇA,,029601A,TAMPA DA CALHA - MÓDULO CENTRAL - SELECIONADORA DE FRUTAS (A),,Almox Prod Especiais
PEÇA,,029601B,TAMPA DA CALHA - MÓDULO CENTRAL - SELECIONADORA DE FRUTAS (B),,Almox Prod Especiais
PEÇA,,029620,AFASTADOR - ESTEIRA MÓVEL - MÁQ P/ COLHEITA DE FRUTAS,,Almox Prod Especiais
PEÇA,,029692,FECHAMENTO DO EIXO - CARRETA ER6,,Almox Prod Especiais
PEÇA,,030105,TIRA DE AÇO INFERIOR MAIOR EXTRE - ESTEIRA INTERMEDIÁRIA- MÁQ P/ COLHEITA DE FRUTAS,,Almox Prod Especiais
PEÇA,,030106,TIRA DE AÇO INFERIOR MENOR EXTRE - ESTEIRA INTERMEDIÁRIA- MÁQ P/ COLHEITA DE FRUTAS,,Almox Prod Especiais
PEÇA,,030115,GUIA MEDIA EXTREM 2 - EST INTERMEDIARIA - MÁQ P/ COLHEITA DE FRUTAS,,Almox Prod Especiais
PEÇA,,030117,GUIA MENOR EXTREM 2 - EST INTERMEDIARIA - MÁQ P/ COLHEITA DE FRUTAS,,Almox Prod Especiais
PEÇA,,030280,REFORÇO EST MÓVEL - EST MOVEL - MÁQ P/ COLHEITA DE FRUTAS,,Almox Prod Especiais
PEÇA,,030307,ROLO INFERIOR ESTEIRA DE BORRACHA (INOX) - ROLETE MONTADO DA EST HORIZONTAL - MÁQ DE COLHEITA DE FRUTAS,,Almox Prod Especiais
PEÇA,,030308,CANT APOIO ROLO INF EST BORRACHA - CHASSI - MÁQ DE COLHEITA DE FRUTAS,,Almox Prod Especiais
PEÇA,,030726,TRAVESSA INTERMEDIÁRIA - BAIA - SELECIONADORA DE FRUTAS,,Almox Prod Especiais
PEÇA,,031425,CANTONEIRA INFERIOR MENOR - PLATAFORMA DO CANHÃO - KIT INCÊNDIO TANQUE,,Almox Prod Especiais
PEÇA,,031426,CANTONEIRA INFERIOR MAIOR - PLATAFORMA DO CANHÃO - KIT INCÊNDIO TANQUE,,Almox Prod Especiais
PEÇA,,031427,CANTONEIRA DE APOIO - PLATAFORMA DO CANHÃO - KIT INCÊNDIO TANQUE,,Almox Prod Especiais
PEÇA,,031428,BASE DE APOIO - PLATAFORMA DO CANHÃO - KIT INCÊNDIO TANQUE,,Almox Prod Especiais
PEÇA,,031434,CHAPA DO PISO - PLATAFORMA DO CANHÃO - KIT INCÊNDIO TANQUE,,Almox Prod Especiais
PEÇA,,031436,ENGATE DA TRAVA - PLATAFORMA DO CANHÃO - KIT INCÊNDIO TANQUE,,Almox Prod Especiais
PEÇA,,031437,BASE DA TRAVA - PLATAFORMA DO CANHÃO - KIT INCÊNDIO TANQUE,,Almox Prod Especiais
PEÇA,,031448,FERRAMENTA LAGUNA,,Almox Prod Especiais
PEÇA,,031900,ROLO MOTOR _ ESTEIRAS ELEVADAS COMPLETA _ MÁQUINA P/ COLHEITA DE FRUTAS,,Almox Prod Especiais
PEÇA,,032010,FECHAMENTO LATERAL _ BASE DO MOTOR HIDRÁULICO _ MAQUINA P/ COLHEITA DE FRUTAS,,Almox Prod Especiais
PEÇA,,032011,GUIA _ BASE DO MOTOR HIDRÁULICO _ MAQUINA P/ COLHEITA DE FRUTAS,,Almox Prod Especiais
PEÇA,,032012,BASE DO MOTOR HIDRAULICO _ ESTEIRA PRINCIPAL INFERIOR _ MÁQUINA P/ COLHEITA DE FRUTAS,,Almox Prod Especiais
PEÇA,,032013,CHAPA DE FIXAÇÃO DO MOTOR HIDRÁULICO _ MAQUINA P/ COLHEITA DE FRUTAS,,Almox Prod Especiais
PEÇA,,032015,CORPO DA BASE DO MOTOR HIDRÁULICO COM RASGO (45 x 50)mm MCF 16 M24,,Almox Prod Especiais
PEÇA,,032177,MANCHE _ MAQUINA P/ COLHEITA DE FRUTAS,,Almox Prod Especiais
PEÇA,,032218,CANTONEIRA SUPERIOR [ESTICADOR - MCF],,Almox Prod Especiais
PEÇA,,032219,CHAPA GUIA DO ESTICADOR FURADA _ ESTEIRA MÓVEL _ MCF,,Almox Prod Especiais
PEÇA,,032220,CHAPA GUIA DO ESTICADOR _ ESTEIRA MÓVEL _ MCF,,Almox Prod Especiais
PEÇA,,032221,REFORÇO [ESTICADOR - MCF],,Almox Prod Especiais
PEÇA,,032222,"ORELHA SUPERIOR (#5/16"") _ MÁQUINA P/ COLHEITA DE FRUTAS",,Almox Prod Especiais
PEÇA,,032351,ROLO MOVIDO [ESTEIRA MÓVEL COMPLETA - MCF M21],,Almox Prod Especiais
PEÇA,,032621,MÃO FRANCESA (CHAPA) LD - CONJ MÓVEL - CAPINADEIRA MANUAL,,Almox Prod Especiais
PEÇA,,032743,PINO TRASEIRO BALANCIM,,Almox Prod Especiais
PEÇA,,032937,PINO DO EIXO BALANCIM [SISTEMA TANDEM - CBH12/FT12500 M22],,Almox Prod Especiais
PEÇA,,033224,REFORÇO PARA HASTE DA RODA LISA,,Almox Prod Especiais
PEÇA,,033433,PINO DO IÇAMENTO [CBH12 M22],,Almox Prod Especiais
PEÇA,,033435,PINO DO ESTABILIZADOR [ESTABILIZADOR - CBH12 M22],,Almox Prod Especiais
PEÇA,,033512,PINO CENTRAL DO TANDEM [CBH12/FT12500],,Almox Prod Especiais
PEÇA,,033678,GABARITO DE PINTURA PLAT CBHM6000,,Almox Prod Especiais
PEÇA,,034485,CORPO DO EIXO [CHASSI - MCF M23],,Almox Prod Especiais
PEÇA,,034488,TRANSVERSINA DIANTEIRA [CHASSI - MCF M23],,Almox Prod Especiais
PEÇA,,034491,ESTRUTURA TRASEIRA [CHASSI - MCF M23],,Almox Prod Especiais
PEÇA,,034493,ORELHA COMPLEMENTAR [CHASSI - MCF M23],,Almox Prod Especiais
PEÇA,,034495,LONGARINA CENTRAL MAIOR [CHASSI - MCF M23],,Almox Prod Especiais
PEÇA,,034496,LONGARINA LATERAL MAIOR [CHASSI - MCF M23],,Almox Prod Especiais
PEÇA,,034498,SUPORTE DO MACACO [CHASSI - MCF M23],,Almox Prod Especiais
PEÇA,,034500,LONGARINA SUPERIOR [CHASSI - MCF M23],,Almox Prod Especiais
PEÇA,,034505,"LONGARINA ESTEIRA 03 - 2,5m [ESTEIRA DIREITA - MCF M23]",,Almox Prod Especiais
PEÇA,,034506,TRANVERSINA [ESTEIRA DIREITA - MCF M23],,Almox Prod Especiais
PEÇA,,034507,GUIA UHMW 01 [ESTEIRA DIREITA - MCF M23],,Almox Prod Especiais
PEÇA,,034514,LONGARINA MENOR [ESTEIRA ELEVATÓRIA SUPERIOR - MCF M23],,Almox Prod Especiais
PEÇA,,034525,LONGARINA [ESTEIRA ESQUERDA 04 - MCF M23],,Almox Prod Especiais
PEÇA,,034527,BASE [MACACO - MCF M23],,Almox Prod Especiais
PEÇA,,034530,APOIO CENTRAL DA ESTEIRA [CHASSI - MCF M23],,Almox Prod Especiais
PEÇA,,034533,BUCHA APOIO DO CILINDRO [ESTEIRA DIREITA - MCF M23],,Almox Prod Especiais
PEÇA,,034541,DOBRADIÇA INTERM. VIRADA [ESTEIRA ELEVATÓRIA SUPERIOR - MCF M23],,Almox Prod Especiais
PEÇA,,034548,ESTRUTURA DIANTEIRA [CHASSI - MCF M23],,Almox Prod Especiais
PEÇA,,034554,COMPLEMENTO DA HASTE [CHASSI - MCF M23],,Almox Prod Especiais
PEÇA,,034557,BUCHA DO CILINDRO [CHASSI - MCF M23],,Almox Prod Especiais
PEÇA,,034558,TUBO DE LIGAÇÃO [CHASSI - MCF M23],,Almox Prod Especiais
PEÇA,,034567,HASTE DE FIXAÇÃO [CHASSI - MCF M23],,Almox Prod Especiais
PEÇA,,034568,SAPATA DO EIXO [CHASSI - MCF M23],,Almox Prod Especiais
PEÇA,,034569,FECHAMENTO DO EIXO [CHASSI - MCF M23],,Almox Prod Especiais
PEÇA,,034570,REFORÇO DA HASTE DE FIXAÇÃO [CHASSI - MCF M23],,Almox Prod Especiais
PEÇA,,034571,COMPLEM. DA LONGARINA CENTRAL MAIOR [CHASSI - MCF M23],,Almox Prod Especiais
PEÇA,,034573,REFORÇO EXTERNO DA ESTRUTURA [CHASSI - MCF M23],,Almox Prod Especiais
PEÇA,,034575,BUCHA INTERNA [CHASSI - MCF M23],,Almox Prod Especiais
PEÇA,,034576,PINO INFERIOR HASTE DE FIXAÇÃO [MCF M23],,Almox Prod Especiais
PEÇA,,034578,"ARRUELA MENOR 20mm CH. #1/4"" [PINOS - MCF M23]",,Almox Prod Especiais
PEÇA,,034585,BUCHA DE FIXAÇÃO [ROLO MOTOR - MCF M23],,Almox Prod Especiais
PEÇA,,034586,PLACA DE FIXAÇÃO [ROLO MOTOR - MCF M23],,Almox Prod Especiais
PEÇA,,034588,BUCHA DE FIXAÇÃO [ROLO MOVIDO - MCF M23],,Almox Prod Especiais
PEÇA,,034589,EIXO [ROLO MOVIDO - MCF M23],,Almox Prod Especiais
PEÇA,,034601,SUPORTE VIRADO P/ MANCAL FL204 [ESTEIRA ELEVATÓRIA SUPERIOR - MCF M23],,Almox Prod Especiais
PEÇA,,034603,BUCHA DO AMORTECEDOR [ESTEIRA ELEVATÓRIA SUPERIOR - MCF M23],,Almox Prod Especiais
PEÇA,,034604,BUCHA DA DOBRADIÇA [ESTEIRA DIREITA - MCF M23],,Almox Prod Especiais
PEÇA,,034605,GUIA UHMW 15 [ESTEIRA ELEVATÓRIA SUPERIOR - MCF M23],,Almox Prod Especiais
PEÇA,,034606,GUIA UHMW 16 [ESTEIRA ELEVATÓRIA SUPERIOR - MCF M23],,Almox Prod Especiais
PEÇA,,034607,GUIA UHMW 17 [ESTEIRA ELEVATÓRIA SUPERIOR - MCF M23],,Almox Prod Especiais
PEÇA,,034608,GUIA UHMW 18 [ESTEIRA ELEVATÓRIA SUPERIOR - MCF M23],,Almox Prod Especiais
PEÇA,,034609,GUIA UHMW 11 [ESTEIRA ELEVATÓRIA SUPERIOR - MCF M23],,Almox Prod Especiais
PEÇA,,034610,BUCHA 74mm [ESTEIRA ESQUERDA - MCF M23],,Almox Prod Especiais
PEÇA,,034611,GUIA UHMW 12 [ESTEIRA ELEVATÓRIA INFERIOR - MCF M23],,Almox Prod Especiais
PEÇA,,034614,SUPORTE SUPERIOR [SUPORTE DO CILINDRO CENTRAL - MCF M23],,Almox Prod Especiais
PEÇA,,034615,ESTRUTURA EM C [ESTEIRA DIREITA - MCF M23],,Almox Prod Especiais
PEÇA,,034616,ARRUELA DE REFORÇO [SUPORTE DO CILINDRO CENTRAL - MCF M23],,Almox Prod Especiais
PEÇA,,034617,TUBO ESÇADOR [SUPORTE DO CILINDRO CENTRAL - MCF M23],,Almox Prod Especiais
PEÇA,,034618,REFORÇO MENOR [SUPORTE DO CILINDRO CENTRAL - MCF M23],,Almox Prod Especiais
PEÇA,,034619,SUPORTE FRONTAL [SUPORTE DO CILINDRO CENTRAL - MCF M23],,Almox Prod Especiais
PEÇA,,034620,NERVURA [SUPORTE DO CILINDRO CENTRAL - MCF M23],,Almox Prod Especiais
PEÇA,,034621,CORPO DO ESBARRO DE FECHAMENTO [ESTEIRA DIREITA - MCF M23],,Almox Prod Especiais
PEÇA,,034622,BUCHA DO ESBARRO DE FECHAM. [ESTEIRA DIREITA - MCF M23],,Almox Prod Especiais
PEÇA,,034623,BUCHA 70mm [ESTEIRA DIREITA - MCF M23],,Almox Prod Especiais
PEÇA,,034624,GUIA UHMW 02 [ESTEIRA DIREITA - MCF M23],,Almox Prod Especiais
PEÇA,,034625,SUPORTE MAIOR P/ MANCAL FL204 [ESTEIRA DIREITA 01 - MCF M23],,Almox Prod Especiais
PEÇA,,034626,DOBRADIÇA DO CILINDRO [ESTEIRA DIREITA - MCF M23],,Almox Prod Especiais
PEÇA,,034628,REFORÇO DE FIXAÇÃO DO CILINDRO SEC. [ESTEIRA ESQUERDA/DIREITA - MCF M23],,Almox Prod Especiais
PEÇA,,034629,FECHAMENTO DA LONGARINA [ESTEIRA DIREITA - MCF M23],,Almox Prod Especiais
PEÇA,,034639,GUIA UHMW 06 [ESTEIRA ESQUERDA 04 - MCF M23],,Almox Prod Especiais
PEÇA,,034640,GUIA UHMW 09 [ESTEIRA ESQUERDA 04 - MCF M23],,Almox Prod Especiais
PEÇA,,034641,COMPLEMENTO DA LONGARINA [ESTEIRA ESQUERDA 03 - MCF M23],,Almox Prod Especiais
PEÇA,,034642,CORPO DO ESBARRO [ESTEIRA ESQUERDA 03 - MCF M23],,Almox Prod Especiais
PEÇA,,034643,NERVURA DO ESBARRO [ESTEIRA ESQUERDA 03 - MCF M23],,Almox Prod Especiais
PEÇA,,034644,DOBRADIÇA MAIOR VIRADA [ESTEIRA ESQUERDA 03 - MCF M23],,Almox Prod Especiais
PEÇA,,034647,BUCHA INTERNA [SUPORTE DO CILINDRO - MCF M23],,Almox Prod Especiais
PEÇA,,034648,BUCHA EXTERNA [SUPORTE DO CILINDRO - MCF M23],,Almox Prod Especiais
PEÇA,,034649,CORPO DO PINO DE ARTICULAÇÃO DO CHASSI [MCF M23],,Almox Prod Especiais
PEÇA,,034653,CORPO DO PINO INFERIOR DO CILINDRO [CONJ. HIDRAULICO - MCF M23],,Almox Prod Especiais
PEÇA,,034656,PINO DA DOBRADIÇA [MCF M23],,Almox Prod Especiais
PEÇA,,034658,REFORÇO EXTERNO DA DOBRADIÇA [ESTEIRA DIREITA - MCF M23],,Almox Prod Especiais
PEÇA,,034659,REFORÇO INTERNO DA DOBRADIÇA [ESTEIRA DIREITA - MCF M23],,Almox Prod Especiais
PEÇA,,034660,ARRUELA DE REFORÇO [ESTEIRA ESQUERDA 02 - MCF M23],,Almox Prod Especiais
PEÇA,,034661,ARRUELA DE REFORÇO MENOR [ESTEIRA ESQUERDA 02 - MCF M23],,Almox Prod Especiais
PEÇA,,034662,REFORÇO MAIOR DA DOBRADIÇA [ESTEIRA ESQUERDA 02 - MCF M23],,Almox Prod Especiais
PEÇA,,034663,REFORÇO MENOR DA DOBRADIÇA [ESTEIRA ESQUERDA 02 - MCF M23],,Almox Prod Especiais
PEÇA,,034664,COMPLEMENTO MAIOR DO REFORÇO [ESTEIRA ESQUERDA 02 - MCF M23],,Almox Prod Especiais
PEÇA,,034665,REFORÇO MÉDIO DA DOBRADIÇA [ESTEIRA ESQUERDA 02 - MCF M23],,Almox Prod Especiais
PEÇA,,034666,COMPLEMENTO MENOR DO REFORÇO [ESTEIRA ESQUERDA 02 - MCF M23],,Almox Prod Especiais
PEÇA,,034667,DOBRADIÇA ESQUERDA MAIOR [ESTEIRA ESQUERDA 02 - MCF M23],,Almox Prod Especiais
PEÇA,,034668,REFORÇO TRIANGULAR [EST ESQUERDA 02 - MCF M24],,Almox Prod Especiais
PEÇA,,034669,REFORÇO DOBRADO DA DOBRADIÇA [ESTEIRA ESQUERDA 02 - MCF M23],,Almox Prod Especiais
PEÇA,,034674,BUCHA EXTERNA DA DOBRADIÇA [ESTEIRA ESQUERDA 02 - MCF M23],,Almox Prod Especiais
PEÇA,,034675,ARTICULAÇÃO DE REFORÇO [MCF M23],,Almox Prod Especiais
PEÇA,,034676,REFORÇO [ARTICULAÇÃO MAIOR - MCF M23],,Almox Prod Especiais
PEÇA,,034677,DOBRADIÇA DO CILINDRO [ESTEIRA ESQUERDA 02 - MCF M23],,Almox Prod Especiais
PEÇA,,034678,PARTE MÓVEL DA BASE DO MOTOR [MCF M23],,Almox Prod Especiais
PEÇA,,034680,CHAPA DE FIXAÇÃO [ESTICADOR P205 - MCF M23],,Almox Prod Especiais
PEÇA,,034682,EIXO TENSOR DA ESTEIRA [MCF M23],,Almox Prod Especiais
PEÇA,,034684,DISCO TENSOR MENOR [MCF M23],,Almox Prod Especiais
PEÇA,,034686,CHAPA DE FIXAÇÃO [ESTICADOR P204 - MCF M24],,Almox Prod Especiais
PEÇA,,034691,HASTE [ARTICULAÇÃO MAIOR - MCF M23],,Almox Prod Especiais
PEÇA,,034692,BUCHA ESPAÇADORA [ARTICULAÇÃO MAIOR - MCF M23],,Almox Prod Especiais
PEÇA,,034693,REFORÇO [ARTICULAÇÃO MENOR - MCF M23],,Almox Prod Especiais
PEÇA,,034694,HASTE [ARTICULAÇÃO MENOR - MCF M23],,Almox Prod Especiais
PEÇA,,034696,BUCHA ESPAÇADORA [ARTICULAÇÃO MENOR - MCF M23],,Almox Prod Especiais
PEÇA,,034704,PINO DA DOBRADIÇA DO CILINDRO [MCF M23],,Almox Prod Especiais
PEÇA,,034705,CORPO DO PINO DA ARTICULAÇÃO DO CILINDRO [MCF M23],,Almox Prod Especiais
PEÇA,,034707,CORPO DO PINO SUPERIOR DO CILINDRO MENOR [MCF M23],,Almox Prod Especiais
PEÇA,,034708,PINO INFERIOR DO CILINDRO MENOR [MCF M23],,Almox Prod Especiais
PEÇA,,034713,"ARRUELA Øext 1.3/4"" CH. #1/4"" [PINOS - MCF M23]",,Almox Prod Especiais
PEÇA,,034714,PINO SUPERIOR DO CILINDRO DO CHASSI [MCF16 M23],,Almox Prod Especiais
PEÇA,,034715,FIXADOR MENOR DO TUBO HIDRÁULICO [ESTEIRA DIREITA - MCF M23],,Almox Prod Especiais
PEÇA,,034716,PINO DE ARTICULAÇÃO DO CHASSI [MCF M23],,Almox Prod Especiais
PEÇA,,034718,FIXADOR MAIOR DO TUBO HIDRÁULICO [ESTEIRA DIREITA - MCF M23],,Almox Prod Especiais
PEÇA,,034719,REFORÇO PRENDEDOR [ESTEIRA DIREITA - MCF M23],,Almox Prod Especiais
PEÇA,,034720,FIXADOR MAIOR ABA MENOR [ESTEIRA DIREITA - MCF M23],,Almox Prod Especiais
PEÇA,,034733,"RODA DENTADA 14 DENTES EIXO 1.1/4"" [MCF M24]",,Almox Prod Especiais
PEÇA,,034734,"CORPO [RODA DENTADA 14D 1.1/4"" - MCF M23]",,Almox Prod Especiais
PEÇA,,034736,"CORPO [RODA DENTADA 14D 1"" - MCF M23]",,Almox Prod Especiais
PEÇA,,034738,"RODA DENTADA 14 DENTES EIXO 1"" [MCF M24]",,Almox Prod Especiais
PEÇA,,034741,FECHAMENTO DO TUBO DE ESBARRO [SUPORTE CILINDRO CENTRAL - MCF M23],,Almox Prod Especiais
PEÇA,,034745,BRAÇO [FIXAÇÃO DOS AMORTECEDORES - MCF M23],,Almox Prod Especiais
PEÇA,,034746,ORELHA [FIXAÇÃO DOS AMORTECEDORES - MCF M23],,Almox Prod Especiais
PEÇA,,034747,"ARRUELA 5/16"" [FIXAÇÃO DOS AMORTECEDORES - MCF M23]",,Almox Prod Especiais
PEÇA,,034748,NERVURA [FIXAÇÃO DOS AMORTECEDORES - MCF M23],,Almox Prod Especiais
PEÇA,,034764,SUPORTE FILTRO DE PRESSÃO [CHASSI - MCF M23],,Almox Prod Especiais
PEÇA,,034765,SUPORTE FILTRO DE RETORNO [CHASSI - MCF M23],,Almox Prod Especiais
PEÇA,,034767,ORELHA COMANDO MONOBLOCO [CHASSI - MCF M23],,Almox Prod Especiais
PEÇA,,034770,FIXADOR REGULADOR DE FLUXO [MCF M23],,Almox Prod Especiais
PEÇA,,034772,ORELHA DA CAPA [CHASSI - MCF M23],,Almox Prod Especiais
PEÇA,,034781,ARRUELA DE ESBARRO [ESTEIRA DIREITA - MCF M23],,Almox Prod Especiais
PEÇA,,034782,TRAVA DE TRANSPORTE [MCF M23],,Almox Prod Especiais
PEÇA,,034791,FIXAÇÃO DO GRAMPO TENSOR [ESTEIRA ESQUERDA 04 - MCF M23],,Almox Prod Especiais
PEÇA,,034792,FIXAÇÃO DO GANCHO DO GRAMPO TENSOR [ESTEIRA ESQUERDA 04 - MCF M23],,Almox Prod Especiais
PEÇA,,034793,FIXAÇÃO MAIOR DO GRAMPO TENSOR [ESTEIRA ELEVADA INFERIOR - MCF M23],,Almox Prod Especiais
PEÇA,,034794,FIXAÇÃO MAIOR DO GANCHO DO GRAMPO TENSOR [ESTEIRA ESQUERDA 04 - MCF M23],,Almox Prod Especiais
PEÇA,,034799,ARRUELA ESPAÇADORA [MCF M23],,Almox Prod Especiais
PEÇA,,034801,BUCHA EXTERNA APOIO DO CIL. [ESTEIRA ESQUERDA 01 - MCF M23],,Almox Prod Especiais
PEÇA,,034814,OREHA DO MONOBLOCO MENOR [CHASSI - MCF M23],,Almox Prod Especiais
PEÇA,,034818,HASTE DE TRAÇÃO [IÇAMENTO - MCF M23],,Almox Prod Especiais
PEÇA,,034819,TRANSVERSINA [IÇAMENTO - MCF M23],,Almox Prod Especiais
PEÇA,,034820,FECHAMENTO COMPLEMENTAR [IÇAMENTO - MCF M23],,Almox Prod Especiais
PEÇA,,034822,SUPORTE DO EMBOLO [IÇAMENTO - MCF M23],,Almox Prod Especiais
PEÇA,,034823,MANCAL [IÇAMENTO - MCF M23],,Almox Prod Especiais
PEÇA,,034825,REFORÇO DO EMBOLO [IÇAMENTO - MCF M23],,Almox Prod Especiais
PEÇA,,034826,REFORÇO INFERIOR [IÇAMENTO - MCF M23],,Almox Prod Especiais
PEÇA,,034827,ORELHA DO CILINDRO [IÇAMENTO - MCF M23],,Almox Prod Especiais
PEÇA,,034829,FIXADOR DO CONTRABALANÇO [MCF M23],,Almox Prod Especiais
PEÇA,,034836,PLACA DO IÇAMENTO [MCF M23],,Almox Prod Especiais
PEÇA,,034839,CORPO [TUBO ESPAÇADOR - MCF16],,Almox Prod Especiais
PEÇA,,034842,ORELHA [BUCHA ESPAÇADORA - MCF M23],,Almox Prod Especiais
PEÇA,,034849,COLUNA DO ARCO [ARCO - MCF M23],,Almox Prod Especiais
PEÇA,,034851,BASE DO ARCO [ARCO - MCF M23],,Almox Prod Especiais
PEÇA,,034852,TRANSVERSINA DO ARCO [ARCO - MCF M23],,Almox Prod Especiais
PEÇA,,034854,REFORÇO DA DOBRADIÇA [ESTEIRA DIREITA - MCF M23],,Almox Prod Especiais
PEÇA,,034858,PRISIONEIRO MAIOR DO TOBOGÃ [MCF M23],,Almox Prod Especiais
PEÇA,,034859,PRISIONEIRO MENOR DO TOBOGÃ [MCF M23],,Almox Prod Especiais
PEÇA,,034860,REFORÇO DA BUCHA [ESTEIRA DIREITA - MCF M23],,Almox Prod Especiais
PEÇA,,034861,REFORÇO VERTICAL DA BUCHA [ESTEIRA DIREITA - MCF M23],,Almox Prod Especiais
PEÇA,,034862,CAPA [MCF M23],,Almox Prod Especiais
PEÇA,,034916,SAIA 01 [MCF16 M23],,Almox Prod Especiais
PEÇA,,034920,DOBRADIÇA DO CILINDRO MENOR [ESTEIRA DIREITA - MCF M23],,Almox Prod Especiais
PEÇA,,034921,RAMPA DE TRANSIÇÃO [ESTEIRA DIREITA ELEVADA INFERIOR - MCF M23],,Almox Prod Especiais
PEÇA,,034922,SAIA 02 [MCF16 M23],,Almox Prod Especiais
PEÇA,,034923,CORPO DA LUVA DE ENGATE [IÇAMENTO SIMPLES - MCF M23],,Almox Prod Especiais
PEÇA,,034924,SAIA 03 [MCF16 M23],,Almox Prod Especiais
PEÇA,,034925,SAIA 04 [MCF16 M23],,Almox Prod Especiais
PEÇA,,034926,BARRA PRINCIPAL MAIOR [BARRA ESTABILIZADORA - MCF M23],,Almox Prod Especiais
PEÇA,,034927,CHAPA DE UNIÃO [BARRA ESTABILIZADORA - MCF M23],,Almox Prod Especiais
PEÇA,,034928,BARRA PRINCIPAL MENOR [BARRA ESTABILIZADORA - MCF M23],,Almox Prod Especiais
PEÇA,,034929,BARRA ESTABILIZADORA [MCF M23],,Almox Prod Especiais
PEÇA,,034930,COLUNA VERTICAL [SOMBRITE - MCF16],,Almox Prod Especiais
PEÇA,,034931,COLUNA HORIZONTAL [SOMBRITE - MCF16],,Almox Prod Especiais
PEÇA,,034935,ORELHA [BRAÇO ESTABILIZADOR - MCF M23],,Almox Prod Especiais
PEÇA,,034947,BUCHA DE FIXAÇÃO DO SOMBRITE [MCF16],,Almox Prod Especiais
PEÇA,,034950,TRILHO DO ENGATE [IÇAMENTO SIMPLES - MCF M23],,Almox Prod Especiais
PEÇA,,034951,EMBOLO [ENGATE DO ESTABILIZADOR - MCF16],,Almox Prod Especiais
PEÇA,,034953,TRAVA DO PINO [MCF16],,Almox Prod Especiais
PEÇA,,034954,TRAVA DO PINO 25mm [MCF16],,Almox Prod Especiais
PEÇA,,034955,PINO DO BRAÇO MAIOR [MCF16],,Almox Prod Especiais
PEÇA,,034956,MÃO FRANCESA [SOMBRITE - MCF16],,Almox Prod Especiais
PEÇA,,034957,FECHAMENTO [BRAÇO ESTABILIZADOR - MCF M23],,Almox Prod Especiais
PEÇA,,034958,PINO MAIOR DO BRAÇO ESTABILIZADOR [MCF16],,Almox Prod Especiais
PEÇA,,034959,CORPO [PINO DO ENGATE - MCF16],,Almox Prod Especiais
PEÇA,,034962,PINO MENOR DO BRAÇO ESTABILIZADOR [MCF16],,Almox Prod Especiais
PEÇA,,034963,PINO 30mm DO CILINDRO MENOR [MCF16],,Almox Prod Especiais
PEÇA,,034964,PINO DA ARTICULAÇÃO MENOR DO CILINDRO [MCF16],,Almox Prod Especiais
PEÇA,,034966,PINO DO BRAÇO DA ESTEIRA 2 [MCF16],,Almox Prod Especiais
PEÇA,,034969,RAMPA DE TRANSIÇÃO [ESTEIRA ELEVATÓRIA INFERIOR - MCF M23],,Almox Prod Especiais
PEÇA,,034970,LONGARINA DO TOBOGA [MCF M24],,Almox Prod Especiais
PEÇA,,034971,TRANSVERSINA DO TOBOGÃ [MCF M24],,Almox Prod Especiais
PEÇA,,034973,CORPO v2 [PINO SUPERIOR DO CILINDRO - MCF M23],,Almox Prod Especiais
PEÇA,,034976,REFORÇO [BRAÇO DE ARTICULAÇÃO 2 - MCF M23],,Almox Prod Especiais
PEÇA,,034977,HASTE [BRAÇO DE ARTICULAÇÃO 2 - MCF M23],,Almox Prod Especiais
PEÇA,,034980,COMPLEMENTO DO REFORÇO DA DOBRADIÇA [ESTEIRA DIREITA - MCF M23],,Almox Prod Especiais
PEÇA,,034981,BUCHA ESPAÇADORA DA ARTICULAÇÃO 2 [MCF16],,Almox Prod Especiais
PEÇA,,034983,BUCHA ESPAÇADORA DA ARTICULAÇÃO 1 [MCF16],,Almox Prod Especiais
PEÇA,,034984,REFORÇO [BRAÇO DE ARTICULAÇÃO 1 - MCF M23],,Almox Prod Especiais
PEÇA,,034985,HASTE [BRAÇO DE ARTICULAÇÃO 1 - MCF M23],,Almox Prod Especiais
PEÇA,,034986,COMPLEMENTO DO REFORÇO DA DOBRADIÇA DO CILINDRO [ESTEIRA DIREITA - MCF M23],,Almox Prod Especiais
PEÇA,,034987,PINO PASSANTE DO BRAÇO 1 [MCF16],,Almox Prod Especiais
PEÇA,,034989,BUCHA ESPAÇADORA DO BRAÇO 1 [MCF16],,Almox Prod Especiais
PEÇA,,034990,EIXO TENSOR [MCF M23],,Almox Prod Especiais
PEÇA,,034991,COMPLEMENTO DA LUVA DE ENGATE [BARRA ESTABILIZADORA - MCF M23],,Almox Prod Especiais
PEÇA,,034992,PLACA [FIXAÇÃO DO GRAMPO - MCF M23],,Almox Prod Especiais
PEÇA,,034993,BASE [FIXAÇÃO DO GRAMPO - MCF M23],,Almox Prod Especiais
PEÇA,,034996,HASTE DE FIXAÇÃO [CHASSI - MCF M24],,Almox Prod Especiais
PEÇA,,034999,COMPLEMENTO DA HASTE [CHASSI - MCF16],,Almox Prod Especiais
PEÇA,,035002,SUPORTE DA VÁLVULA SELETORA [CHASSI - MCF M24],,Almox Prod Especiais
PEÇA,,035007,CHAPA DE LIGAÇÃO MAIOR - ESTEIRA MÓVEL- MÁQ P/ COLHEITA DE FRUTAS,,Almox Prod Especiais
PEÇA,,035009,LONGARINA [ESTEIRA DIREITA - MCF M23],,Almox Prod Especiais
PEÇA,,035010,REFORÇO DOBRADIÇA DO CILINDRO [ESTEIRA DIREITA - MCF M24],,Almox Prod Especiais
PEÇA,,035011,GUIA UHMW 01 [ESTEIRA DIREITA - MCF M24],,Almox Prod Especiais
PEÇA,,035012,GUIA UHMW MAIOR [ESTEIRA DIREITA - MCF M24],,Almox Prod Especiais
PEÇA,,035013,REFORÇO EXTERNO DA DOBRADIÇA [ESTEIRA DIREITA - MCF M24],,Almox Prod Especiais
PEÇA,,035014,REFORÇO DA DOBRADIÇA INTEIRIÇO [ESTEIRA DIREITA - MCF M23],,Almox Prod Especiais
PEÇA,,035015,BUCHA P/ARTICULAÇÃO 01 [ESTEIRA DIREITA 01 - MCF M23],,Almox Prod Especiais
PEÇA,,035016,PINO DA TRAVA DE TRANSPORTE [ESTEIRA DIREITA 01 - MCF M23],,Almox Prod Especiais
PEÇA,,035017,"ARRUEL LISA 1"" CHAPA 3/16"" [ESTEIRA DIREITA 02 - MCF M23]",,Almox Prod Especiais
PEÇA,,035018,BRAÇO DE FIXAÇÃO [SUPORTE DOS AMORTECEDORES - MCF M24],,Almox Prod Especiais
PEÇA,,035019,ARRUELA LONGA [FIXAÇÃO DOS AMORTECEDORES - MCF M24],,Almox Prod Especiais
PEÇA,,035021,ARRUELAS [FIXAÇÃO PARA AMORTECEDORES - MCF M24],,Almox Prod Especiais
PEÇA,,035023,LONGARINA [ESTEIRA ESQUERDA 02 - MCF M24],,Almox Prod Especiais
PEÇA,,035024,GUIA UHMW MENOR [ESTEIRA ESQUERDA 02 - MCF M24],,Almox Prod Especiais
PEÇA,,035025,BUCHA ARTICULAÇÃO 02 [ESTEIRA ELEVADA INFERIOR - MCF M23],,Almox Prod Especiais
PEÇA,,035026,DOBRADIÇA DO CILINDRO [ESTEIRA ESQUERDA 02 - MCF M24],,Almox Prod Especiais
PEÇA,,035027,GUIA UHMW MAIOR [ESTEIRA ESQUERDA 02 - MCF M24],,Almox Prod Especiais
PEÇA,,035028,ARRUELA DE REFORÇO [ESTEIRA ESQUERDA 02 - MCF M24],,Almox Prod Especiais
PEÇA,,035029,REFORÇO MAIOR DA DOBRADIÇA [ESTEIRA ESQUERDA 02 - MCF M24],,Almox Prod Especiais
PEÇA,,035030,REFORÇO MENOR DA DOBRADIÇA [ESTEIRA ESQUERDA 02 - MCF M24],,Almox Prod Especiais
PEÇA,,035031,COMPLEMENTO MAIOR DO REFORÇO [ESTEIRA ESQUERDA 02 - MCF M24],,Almox Prod Especiais
PEÇA,,035032,REFORÇO MÉDIO DA DOBRADIÇA [ESTEIRA ESQUERDA 02 - MCF M24],,Almox Prod Especiais
PEÇA,,035033,COMPLEMENTO MENOR DO REFORÇO [ESTEIRA ESQUERDA 02 - MCF M24],,Almox Prod Especiais
PEÇA,,035034,REFORÇO DO ESBARRO DA DOBRADIÇA [ESTEIRA ESQUERDA - MCF M24],,Almox Prod Especiais
PEÇA,,035035,LONGARINA [ESTEIRA ESQUERDA 03 - MCF M23],,Almox Prod Especiais
PEÇA,,035036,GUIA UHMW MENOR [ESTEIRA ESQUERDA 03 - MCF M24],,Almox Prod Especiais
PEÇA,,035037,GUIA UHMW MAIOR [ESTEIRA ESQUERDA 03 - MCF M24],,Almox Prod Especiais
PEÇA,,035038,DOBRADIÇA MAIOR [ESTEIRA ESQUERDA 03 - MCF M24],,Almox Prod Especiais
PEÇA,,035039,LONGARINA [ESTEIRA ESQUERDA 04 - MCF M24],,Almox Prod Especiais
PEÇA,,035040,GUIA UHMW MENOR [ESTEIRA ESQUERDA 04 - MCF M24],,Almox Prod Especiais
PEÇA,,035041,[não usar] GUIA UHMW MAIOR [ESTEIRA ESQUERDA 03 - MCF M24],,Almox Prod Especiais
PEÇA,,035042,DOBRADIÇA MENOR VIRADA [ESTEIRA ESQUERDA 04 - MCF16],,Almox Prod Especiais
PEÇA,,035043,LONGARINA 01 [ESTEIRA ELEVADA INFERIOR - MCF M24],,Almox Prod Especiais
PEÇA,,035044,LONGARINA 02 [ESTEIRA ELEVATÓRIA INFERIOR - MCF M24],,Almox Prod Especiais
PEÇA,,035045,DOBRADIÇA INTERMEDIÁRIA [ESTEIRA ELEVADA INFERIOR - MCF M23],,Almox Prod Especiais
PEÇA,,035046,GUIA UHMW 07 [ESTEIRA ELEVADA INFERIOR - MCF M24],,Almox Prod Especiais
PEÇA,,035047,GUIA UHMW 08 [ESTEIRA ELEVADA INFERIOR - MCF M24],,Almox Prod Especiais
PEÇA,,035048,GUIA UHMW [ESTEIRA ELEVADA INFERIOR - MCF M24],,Almox Prod Especiais
PEÇA,,035049,GUIA UHMW 10 [ESTEIRA ELEVADA INFERIOR - MCF M24],,Almox Prod Especiais
PEÇA,,035050,HASTE [ARTICULAÇÃO 01 - MCF M24],,Almox Prod Especiais
PEÇA,,035051,REFORÇO [ARTICULAÇÃO 01 - MCF M24],,Almox Prod Especiais
PEÇA,,035052,BUCHA ESPAÇADORA [ARTICULAÇÃO 01 - MCF M24],,Almox Prod Especiais
PEÇA,,035053,HASTE [ ARTICULAÇÃO 02 - MCF M24],,Almox Prod Especiais
PEÇA,,035054,BUCHA ESPAÇADORA [ARTICULAÇÃO 02 - MCF M24],,Almox Prod Especiais
PEÇA,,035055,REFORÇO [ ARTICULAÇÃO 02 - MCF M24],,Almox Prod Especiais
PEÇA,,035057,LONGARINA 01 [ESTEIRA ELEVATÓRIA SUPERIOR - MCF M24],,Almox Prod Especiais
PEÇA,,035058,LONGARINA 02 [ESTEIRA ELEVATÓRIA SUPERIOR - MCF M24],,Almox Prod Especiais
PEÇA,,035059,DOBRADIÇA INTERMEDIÁRIA VIRADA [ESTEIRA ELEVADA SUPERIOR - MCF M24],,Almox Prod Especiais
PEÇA,,035060,GUIA UHMW 11 [ESTEIRA ELEVATÓRIA SUPERIOR - MCF M24],,Almox Prod Especiais
PEÇA,,035061,GUIA UHMW 12 [ESTEIRA ELEVATÓRIA SUPERIOR - MCF M24],,Almox Prod Especiais
PEÇA,,035062,GUIA UHMW 13 [ESTEIRA ELEVATÓRIA SUPERIOR - MCF M24],,Almox Prod Especiais
PEÇA,,035063,GUIA UHMW 14 [ESTEIRA ELEVATÓRIA SUPERIOR - MCF M24],,Almox Prod Especiais
PEÇA,,035066,TRILHO DA SAPATA [CHASSI - MCF M24],,Almox Prod Especiais
PEÇA,,035068,SAPATA INFERIOR [PONTA DE EIXO DESLIZANTE - MCF M24],,Almox Prod Especiais
PEÇA,,035069,REFORÇO [PONTA DO EIXO DESLIZANTE - MCF M24],,Almox Prod Especiais
PEÇA,,035070,APOIO DA LUVA [IÇAMENTO SIMPLES - MCF16],,Almox Prod Especiais
PEÇA,,035071,REFORÇO SUPERIOR [IÇAMENTO SIMPLES - MCF M24],,Almox Prod Especiais
PEÇA,,035072,TRILHO DO ENGATE [IÇAMENTO SIMPLES - MCF M24],,Almox Prod Especiais
PEÇA,,035073,CORPO [TRAVA DE TRANSPORTE - MCF M24],,Almox Prod Especiais
PEÇA,,035074,CORPO DA LUVA DE ENGATE [IÇAMENTO SIMPLES - MCF M24],,Almox Prod Especiais
PEÇA,,035077,RAMPA [CALHA LATERAL - MCF M24],,Almox Prod Especiais
PEÇA,,035078,FECHAMENTO DA CALHA [CALHA LATERAL - MCF M24],,Almox Prod Especiais
PEÇA,,035080,SUPORTE MAIOR [ CALAHA LATERAL - MCF M24],,Almox Prod Especiais
PEÇA,,035081,BUCHA MENOR [CALHA LATERAL - MCF M24],,Almox Prod Especiais
PEÇA,,035082,BUCHA MAIOR [CALHA LATERAL - MCF M24],,Almox Prod Especiais
PEÇA,,035083,CAPA ESQUERDA [MCF16],,Almox Prod Especiais
PEÇA,,035084,CAPA DIREITA [MCF16],,Almox Prod Especiais
PEÇA,,035085,TRANVERSINA [ARCO - MCF M24],,Almox Prod Especiais
PEÇA,,035093,PLACA DE APOIO AMORTECEDORES,,Almox Prod Especiais
PEÇA,,035094,CORPO DO TUBO GUIA,,Almox Prod Especiais
PEÇA,,035095,CHAPA GUIA [ARMADURA MANUAL - MF16 M24],,Almox Prod Especiais
PEÇA,,035096,CORPO [BATEDOR DOS AMORTECEDORES - MCF M24],,Almox Prod Especiais
PEÇA,,035097,BUCHA DE FIXAÇÃO [ARMADURA - MCF M24],,Almox Prod Especiais
PEÇA,,035099,CORPO DO TELESCOPICO [MCF M24],,Almox Prod Especiais
PEÇA,,035100,BUCHA DE FIXAÇÃO [TUBO TELESCÓPICO - MCF M24],,Almox Prod Especiais
PEÇA,,035101,FECHAMENTO [ TELESCOPICO - MCF M24],,Almox Prod Especiais
PEÇA,,035104,CORPO DO PINO INFERIOR DO CILNDRO A-10-A [MCF M24],,Almox Prod Especiais
PEÇA,,035105,TRAVA DO PINO 35MM [MCF16 M24],,Almox Prod Especiais
PEÇA,,035108,REFORÇO DE FIXAÇÃO DA ARMADURA [ESTEIRA DIANTEIRA 01 - MCF M24],,Almox Prod Especiais
PEÇA,,035109,BUCHA DE ARTIC. DA ARMADURA [ESTEIRA DIREITA 01 - MCF M24],,Almox Prod Especiais
PEÇA,,035110,PINO SUPERIOR DA ARTICULAÇÃO [MCF M24],,Almox Prod Especiais
PEÇA,,035117,REFORÇO [CALAHA LATERAL - MCF M24],,Almox Prod Especiais
PEÇA,,035119,REFORÇO TRIANGULAR [EST ELEVADA INF - MCF M24],,Almox Prod Especiais
PEÇA,,035121,SUPORTE MENOR [CALHA LATERAL - MCF M24],,Almox Prod Especiais
PEÇA,,035122,FIXAÇÃO DA CAPA [CHASSI - MCF M24],,Almox Prod Especiais
PEÇA,,035125,ABA LATERAL 01 [MCF M24],,Almox Prod Especiais
PEÇA,,035126,ABA LATERAL 02 [MCF M24],,Almox Prod Especiais
PEÇA,,035127,ABA LATERAL 03 [MCF M24],,Almox Prod Especiais
PEÇA,,035128,ABA LATERAL 04 [MCF M24],,Almox Prod Especiais
PEÇA,,035142,SAPATA DA BUCHA DA CALHA [ESTEIRA ELEVADA INFERIOR - MCF16 M24.1],,Almox Prod Especiais
PEÇA,,035143,SAPATA MOVEL [CJ. SAPATA MOVEL - MCF M24],,Almox Prod Especiais
PEÇA,,035145,BASE DO TRILHO DO TOBOGÃ [ESTEIRA ELEVADA SUPERIOR - MCF M24],,Almox Prod Especiais
PEÇA,,035146,LATERAL DO TRILHO DO TOBOGA [ESTEIRA ELEVADA SUPERIOR - MCF M24],,Almox Prod Especiais
PEÇA,,035148,BRAÇO PRINCIPAL [ BRAÇO ESTABILIZADOR - MCF M24],,Almox Prod Especiais
PEÇA,,035149,REFORÇO [BRAÇO ESTABILIZADOR - MCF M24],,Almox Prod Especiais
PEÇA,,035150,ESPAÇADOR [BRAÇO ESTABILIZADOR - MCF M24],,Almox Prod Especiais
PEÇA,,035156,FIXAÇÃO PARAFUSADA DA CAPA [CHASSI - MCF M24],,Almox Prod Especiais
PEÇA,,035158,REFORÇO INFERIOR [CALHA LATERAL - MCF M24],,Almox Prod Especiais
PEÇA,,035159,CORPO [ TUBO TELESCOPIO - MCF M24],,Almox Prod Especiais
PEÇA,,035161,FECHAMENTO [TUBO TELESCOPIO - MCF M24],,Almox Prod Especiais
PEÇA,,035172,COMPLEMENTO DA CALHA [ CALHA LATERAL - MCF M24],,Almox Prod Especiais
PEÇA,,035173,RAMPA [CALHA LATERAL - MCF M23],,Almox Prod Especiais
PEÇA,,035182,CANTONEIRA INTERNA [CHASSI - MCF M24],,Almox Prod Especiais
PEÇA,,035202,PINO INFERIOR DO CILINDRO A-10-A [MCF M24],,Almox Prod Especiais
PEÇA,,035205,GANCHO [BRAÇO ESPAÇADOR - MCF M24],,Almox Prod Especiais
PEÇA,,035206,ORELHA [BRAÇO ESPAÇADOR - MCF M24],,Almox Prod Especiais
PEÇA,,035207,CHAPA DE UNIÃO [BRAÇO ESPAÇADOR - MCF M24],,Almox Prod Especiais
PEÇA,,035211,COMPLEMENTO DO ENGATE [ENGATE DO ESTABILIZADOR - MCF16 M24],,Almox Prod Especiais
PEÇA,,035231,"SUPORTE DO TEE JIC 7/8"" [CHASSI - MCF M24]",,Almox Prod Especiais
PEÇA,,035232,COLUNA [ARCO - MCF ITA M24],,Almox Prod Especiais
PEÇA,,035233,TRANSVERSINA INTERMEDIARIA [ARCO Z - MCF M23],,Almox Prod Especiais
PEÇA,,035235,TRANSVERSINA DO ARCO [ARCO - MCF M24],,Almox Prod Especiais
PEÇA,,035236,SUPORTE DO FILTRO DE PRESSÃO [CHASSI - MCF M24.1],,Almox Prod Especiais
PEÇA,,035238,COLUNA VERTICAL MENOR [SOMBRITE MENOR - MCF16],,Almox Prod Especiais
PEÇA,,035243,BUCHA DO PINO DO AMORTECEDOR [ESTEIRA ESQUERDA 02 - MCF M24,,Almox Prod Especiais
PEÇA,,035254,BASE DAS ORELHAS [ARMADURA DOS AMORTECEDORES - MCF16 M24],,Almox Prod Especiais
PEÇA,,035255,CORPO DO TUBO GUIA [ARMADURA P/ AUXÍLIO DE ABERTURA - MCF16 M24],,Almox Prod Especiais
PEÇA,,035264,TUBO DA CAMISA [CAMISA DO CILINDRO - MCF],,Almox Prod Especiais
PEÇA,,035277,CAPA ESQUERDA [MCF16 M24.1],,Almox Prod Especiais
PEÇA,,035278,CAPA DIREITA [MCF16 M24.1],,Almox Prod Especiais
PEÇA,,035279,ORELHA DE FIXAÇÃO DA CAPA [CHASSI - MCF M24.1],,Almox Prod Especiais
PEÇA,,035295,BUCHA DE FIXAÇÃO [FIXAÇÃO DA CALHA MÓVEL - MCF M24.1],,Almox Prod Especiais
PEÇA,,035296,PINO DOS AMORTECEDORES [MCF M24],,Almox Prod Especiais
PEÇA,,035321,REFORÇO DO ESBARRO DA DOBRADIÇA [ESTEIRA ESQUERDA - MCF14 M24],,Almox Prod Especiais
PEÇA,,035352,PROTETOR [CHASSI - ROCAX1800 M24],,Almox Prod Especiais
PEÇA,,035357,CHAPEAMENTO TRASEIRO [CHASSI - ROÇAX 1800 M24],,Almox Prod Especiais
PEÇA,,035363,CHAPEAMENTO [RODA GUIA - ROÇAX 1800 M24],,Almox Prod Especiais
PEÇA,,035364,CUBO [RODA GUIA - ROÇAX 1800 M24],,Almox Prod Especiais
PEÇA,,035367,BUCHA REGULADORA DA EMBREAGEM [ROÇAX 1800 M24],,Almox Prod Especiais
PEÇA,,035369,ARRUELA DO REGULADOR DA EMBREAGEM [ROÇAX 1800 M24],,Almox Prod Especiais
PEÇA,,035372,FECHAMENTO [TUBO TELESCOPICO - CTH4500],,Almox Prod Especiais
PEÇA,,035374,ESBARRO [TUBO TELESCOPICO - CTH4500],,Almox Prod Especiais
PEÇA,,035375,BASE DO LIMITADOR [TUBO TELESCOPICO - CTH4500],,Almox Prod Especiais
PEÇA,,035376,ORELHA DO LIMITADOR [TUBO TELESCOPICO - CTH4500],,Almox Prod Especiais
PEÇA,,035377,ORELHA LATERAL [TUBO TELESCOPICO - CTH4500],,Almox Prod Especiais
PEÇA,,035378,CORPO [TUBO TELESCÓPICO - CTH4500],,Almox Prod Especiais
PEÇA,,035380,SAPATA [EIXO SIMPLES - CTH4500],,Almox Prod Especiais
PEÇA,,035381,FECHAMENTO [EIXO SIMPLES - CTH4500],,Almox Prod Especiais
PEÇA,,035385,CORPO [SUPORTE FRONTAL - CTH4500],,Almox Prod Especiais
PEÇA,,035392,LONGARINA [CAÇAMBA - CTH4500],,Almox Prod Especiais
PEÇA,,035393,TRANSVERSINA [CAÇAMBA SIMPLES - CTH4500],,Almox Prod Especiais
PEÇA,,035394,CHAPEAMENTO FRONTAL INFERIOR [CAÇAMBA - CTH4500],,Almox Prod Especiais
PEÇA,,035395,CHAPEAMENTO FRONTAL SUPERIOR [CAÇAMBA - CTH4500],,Almox Prod Especiais
PEÇA,,035396,REFORÇO LATERAL DIREITO [CAÇAMBA SIMPLES - CTH4500],,Almox Prod Especiais
PEÇA,,035397,REFORÇO LATERAL ESQUERDO [CAÇAMBA SIMPLES - CTH4500],,Almox Prod Especiais
PEÇA,,035398,CHAPEAMENTO LATERAL INFERIOR [CAÇAMBA - CTH4500],,Almox Prod Especiais
PEÇA,,035400,CHAPEAMENTO LATERAL DIREITO [CAÇAMBA - CTH4500],,Almox Prod Especiais
PEÇA,,035401,REFORÇO INTERNO [CAÇAMBA SIMPLES - CTH4500],,Almox Prod Especiais
PEÇA,,035402,REFORÇO FRONTAL [CAÇAMBA SIMPLES - CTH4500],,Almox Prod Especiais
PEÇA,,035403,COMPLEMENTO [CAÇAMBA - CTH4500],,Almox Prod Especiais
PEÇA,,035404,ORELHA DA BUCHA DO CILINDRO [CAÇAMBA SIMPLES - CTH4500],,Almox Prod Especiais
PEÇA,,035405,ORELHA EXTERNA DA ROTULA [CAÇAMBA SIMPLES - CTH4500],,Almox Prod Especiais
PEÇA,,035406,ORELHA INTERNA DA ROTULA [CAÇAMBA SIMPLES - CTH4500],,Almox Prod Especiais
PEÇA,,035407,BUCHA DA ROTULA [CAÇAMBA SIMPLES - CTH4500],,Almox Prod Especiais
PEÇA,,035409,BUCHA DO CILINDRO [CAÇAMBA SIMPLES - CTH4500],,Almox Prod Especiais
PEÇA,,035410,COMPLEMENTO DO FECHAMENTO LE [CAÇAMBA SIMPLES - CTH4500],,Almox Prod Especiais
PEÇA,,035411,COMPLEMENTO DO FECHAMENTO LD [CAÇAMBA SIMPLES - CTH4500],,Almox Prod Especiais
PEÇA,,035412,REFORCO DA BUCHA [CAÇAMBA SIMPLES - CTH4500],,Almox Prod Especiais
PEÇA,,035413,FECHAMENTO DA ORELHA [CAÇAMBA SIMPLES - CTH4500],,Almox Prod Especiais
PEÇA,,035417,TRANSVERSINA INTERNA [CHASSI - CTH4500],,Almox Prod Especiais
PEÇA,,035418,TRANSVERSINA EXTERNA [CHASSI - CTH4500],,Almox Prod Especiais
PEÇA,,035421,LONGARINA [CHASSI - CTH4500],,Almox Prod Especiais
PEÇA,,035422,TUBO GUIA [CHASSI - CTH4500],,Almox Prod Especiais
PEÇA,,035423,TUBO DE REFOCO MAIOR [CHASSI - CTH4500],,Almox Prod Especiais
PEÇA,,035424,TUBO DE REFOCO MENOR [CHASSI - CTH4500],,Almox Prod Especiais
PEÇA,,035425,CHAPA FRONTAL DO TUBO [CHASSI SIMPLES - CTH4500],,Almox Prod Especiais
PEÇA,,035426,CHAPA LATERAL DO TUBO [CHASSI SIMPLES - CTH4500],,Almox Prod Especiais
PEÇA,,035427,ORELHA DO LIMITADOR [CHASSI SIMPLES - CTH4500],,Almox Prod Especiais
PEÇA,,035428,BASE DO LIMITADOR [CHASSI SIMPLES - CTH4500],,Almox Prod Especiais
PEÇA,,035429,REFORCO FRONTAL [CHASSI SIMPLES - CTH4500],,Almox Prod Especiais
PEÇA,,035431,REFORCO TRASEIRO [CHASSI SIMPLES - CTH4500],,Almox Prod Especiais
PEÇA,,035432,ORELHA DO SUPORTE [CHASSI SIMPLES - CTH4500],,Almox Prod Especiais
PEÇA,,035433,SUPORTE PARA UHMW [CHASSI SIMPLES - CTH4500],,Almox Prod Especiais
PEÇA,,035434,ORELHA DE FIXACAO DO CILINDRO [CHASSI SIMPLES - CTH4500],,Almox Prod Especiais
PEÇA,,035435,FECHAMENTO DA TRANSVERSINA [CHASSI SIMPLES - CTH4500],,Almox Prod Especiais
PEÇA,,035443,TRANSVERSINA [SUPORTE INTERMEDIÁRIO - ETR6000],,Almox Prod Especiais
PEÇA,,035447,LONGARINA [BASE MÓVEL - ETR6000],,Almox Prod Especiais
PEÇA,,035448,TRANSVERSINA [BASE MÓVEL - ETR6000],,Almox Prod Especiais
PEÇA,,035452,CHAPA DE SUPORTE TUBOS HIDRAULICOS [CHASSI SIMPLES - CTH4500],,Almox Prod Especiais
PEÇA,,035453,CORPO DO EIXO TENSOR [MCF16],,Almox Prod Especiais
PEÇA,,035457,ORELHA PARA CONTRAPESOS [CHASSI SIMPLES - CTH4500],,Almox Prod Especiais
PEÇA,,035458,TUBO PARA CONTRAPESOS [CHASSI - CTH4500],,Almox Prod Especiais
PEÇA,,035459,CONTRAPESO [ACESSORIOS - CTH4500],,Almox Prod Especiais
PEÇA,,035466,CORPO [TUBO HIDRAULICO MENOR - CTH4500],,Almox Prod Especiais
PEÇA,,035468,PINO DA RÓTULA [ACESSÓRIOS - CTH4500],,Almox Prod Especiais
PEÇA,,035469,PINO DA CAÇAMBA [ACESSÓRIOS - CTH4500],,Almox Prod Especiais
PEÇA,,035470,PINO DO CHASSI [ACESSÓRIOS - CTH4500],,Almox Prod Especiais
PEÇA,,035473,REFORÇO DO SUPORTE [BASE MÓVEL - ETR6000],,Almox Prod Especiais
PEÇA,,035474,ORELHA INFERIOR [BASE MÓVEL - ETR6000],,Almox Prod Especiais
PEÇA,,035475,REFORÇO [BASE MÓVEL - ETR600],,Almox Prod Especiais
PEÇA,,035476,ORELHA SUPERIOR [BASE MÓVEL - ETR6000],,Almox Prod Especiais
PEÇA,,035479,ORELHA DO ROLO [BASE MÓVEL - ETR600],,Almox Prod Especiais
PEÇA,,035480,ESTICADOR DE MOLAS [BASE MÓVEL - ETR600],,Almox Prod Especiais
PEÇA,,035481,ORELHA TRASEIRA [BASE MÓVEL - ETR600],,Almox Prod Especiais
PEÇA,,035484,REFORCO DO SUPORTE FRONTAL [CHASSI SIMPLES - CTH4500],,Almox Prod Especiais
PEÇA,,035485,HASTE DO REGULADOR [REGULADOR DA HASTE DA RODA - ETR6000],,Almox Prod Especiais
PEÇA,,035486,REFORÇO INFERIOR [REGULADOR DA HASTE DO DISCO - ETR6000],,Almox Prod Especiais
PEÇA,,035487,BATEDOR [REGULADOR DA HASTE DO DISCO - ETR6000],,Almox Prod Especiais
PEÇA,,035489,BUCHA GUIA [REGULADOR DA HASTE DO DISCO - ETR6000],,Almox Prod Especiais
PEÇA,,035490,BUCHA FURADA [REGULADOR DA HASTE DO DISCO - ETR6000],,Almox Prod Especiais
PEÇA,,035491,BUCHA DA TRAVA [TRAVA DO EIXO - ETR6000],,Almox Prod Especiais
PEÇA,,035492,HASTE DO REGULADOR [REGULADOR DA HASTE DO DISCO - ETR6000],,Almox Prod Especiais
PEÇA,,035494,CORPO DA HASTE [HASTE DA RODA GUIA - ETR6000],,Almox Prod Especiais
PEÇA,,035497,CHAPA TENSORA [BASE MÓVEL - ETR600],,Almox Prod Especiais
PEÇA,,035502,SEDE DA RÓTULA [BRAÇO DE APOIO - ETR6000],,Almox Prod Especiais
PEÇA,,035503,RÓTULA [BRAÇO DE APOIO - ETR6000],,Almox Prod Especiais
PEÇA,,035504,BASE DO ELO [BRAÇO DE APOIO - ETR6000],,Almox Prod Especiais
PEÇA,,035505,ELO [BRAÇO DE APOIO - ETR6000],,Almox Prod Especiais
PEÇA,,035506,BASE DA ORELHA [ORELHA MÓVEL - ETR6000],,Almox Prod Especiais
PEÇA,,035507,ORELHA [ORELHA MÓVEL - ETR6000],,Almox Prod Especiais
PEÇA,,035508,FECHAMENTO DA ORELHA MÓVEL [ETR6000],,Almox Prod Especiais
PEÇA,,035510,REFORÇO TRANSVERSAL [BASE MÓVEL - ETR6000],,Almox Prod Especiais
PEÇA,,035528,CORPO [PROTEÇÃO DA RODA - TRP6000],,Almox Prod Especiais
PEÇA,,035530,APOIO MAIOR DO RASPADOR [SUPORTE DA RODA - TRP6000],,Almox Prod Especiais
PEÇA,,035535,TRILHO VERTICAL [BASE DO ASSENTO - TRP6000],,Almox Prod Especiais
PEÇA,,035537,BUCHA REGULADORA DE ALTURA [FIX. DO BANCO - TRP6000],,Almox Prod Especiais
PEÇA,,035539,CORPO [PINO DUPLO DO ASSENTO - TRP6000],,Almox Prod Especiais
PEÇA,,035547,"""desatualizado"" FIXAÇÃO INFERIOR [APOIO DO TANQUE - TRP6000]",,Almox Prod Especiais
PEÇA,,035548,PINO DE FIXAÇÃO [APOIO DO TANQUE - TRP6000],,Almox Prod Especiais
PEÇA,,035552,PRENDEDOR MENOR APOIO DO TANQUE [TRP6000],,Almox Prod Especiais
PEÇA,,035554,HASTE DA RODA LISA [ETR6000],,Almox Prod Especiais
PEÇA,,035558,REFORÇO INTERNO FRONTAL [CAÇAMBA SIMPLES - CTH4500],,Almox Prod Especiais
PEÇA,,035573,PINO MAIOR DE ARTIC. DO PORTA BANDEJA [TRP6000],,Almox Prod Especiais
PEÇA,,035577LC,ARTICULAÇÃO SUPERIOR LARANJA [MCF14 BM],,Almox Prod Especiais
PEÇA,,035578,HASTE [ARTICULAÇÃO SUPERIOR - MCF14 BM],,Almox Prod Especiais
PEÇA,,035579,REFORÇO [ARTICULAÇÃO SUPERIOR - MCF14 BM],,Almox Prod Especiais
PEÇA,,035584,PROTEÇÃO DA EMBREAGEM [ROÇAX 1800 M24],,Almox Prod Especiais
PEÇA,,035594,TUBO CENTRAL [TERCEIRO PONTO - ETR6000],,Almox Prod Especiais
PEÇA,,035601,LIMITADOR [CHASSI - CTH4500],,Almox Prod Especiais
PEÇA,,035604,CHAPA CENTRAL DE PROTEÇÃO [ROÇAX 1800 M24],,Almox Prod Especiais
PEÇA,,035609,CHAPA LATERAL DE PROTEÇÃO [ROÇAX 1800 M24],,Almox Prod Especiais
PEÇA,,035613,HASTE [SUPORTE DA RODA GUIA - ROCAX 1800],,Almox Prod Especiais
PEÇA,,035614,CHAPA DIANTEIRA DE PROTEÇÃO [ROÇAX 1800 M24],,Almox Prod Especiais
PEÇA,,035618,HASTE DO DISCO LE COMPLETA [ETR6000],,Almox Prod Especiais
PEÇA,,035621,HASTE DO DISCO LD COMPLETA [ETR6000],,Almox Prod Especiais
PEÇA,,035623,EIXO DO VARÃO [VARÃO ACIONADOR - ETR6000],,Almox Prod Especiais
PEÇA,,035624,PINO DO SUPORTE DE FREIO [VARÃO ACIONADOR - ETR6000],,Almox Prod Especiais
PEÇA,,035625,COMANDO DO VARÃO [VARÃO ACIONADOR - ETR6000],,Almox Prod Especiais
PEÇA,,035626,SUPORTE DO VARÃO [VARÃO ACIONADOR - ETR6000],,Almox Prod Especiais
PEÇA,,035629,FLANGE [EIXO DA EMBREAGEM - ETR6000],,Almox Prod Especiais
PEÇA,,035634,SUPORTE DO PINO [SUPORTE DA EMBREAGEM - ETR6000],,Almox Prod Especiais
PEÇA,,035635,MÃO FRANCESA [SUPORTE DA EMBREAGEM - ETR6000],,Almox Prod Especiais
PEÇA,,035636,FLANGE DO DISCO [ETR6000 M24],,Almox Prod Especiais
PEÇA,,035647,FECHAMENTO DO ESTICADOR [ESTICADOR DO FREIO - ETR6000],,Almox Prod Especiais
PEÇA,,035648,ANILHO DA MOLA MAIOR [ESTICADOR DO FREIO - ETR6000],,Almox Prod Especiais
PEÇA,,035662,CHAPA SUPORTE DO BANCO [BASE DO ASSENTO - TRP6000],,Almox Prod Especiais
PEÇA,,035665,CHAPA LATERAL DE PROTEÇÃO [ROÇAX1800],,Almox Prod Especiais
PEÇA,,035666,CHAPA CENTRAL DE PROTEÇÃO [ROÇAX1800],,Almox Prod Especiais
PEÇA,,035671,BUCHA ROLO DE MULCHING [ESTRUTURA MOVEL - ETR6000],,Almox Prod Especiais
PEÇA,,035678,SAPATA MÓVEL [SUPORTE DA CALHA RETA - MCF M24],,Almox Prod Especiais
PEÇA,,035683,ESBARRO [LIMITADOR EIXO TANDEM - CBH 2E],,Almox Prod Especiais
PEÇA,,035684,REFORÇO [LIMITADOR EIXO TANDEM - CBH 2E],,Almox Prod Especiais
PEÇA,,035689,COMPLEMENTO SUPERIOR [SUPORTE FRONTAL - CTH4500],,Almox Prod Especiais
PEÇA,,035690,REFORCO DOBRADO [SUPORTE FRONTAL - CTH4500],,Almox Prod Especiais
PEÇA,,035693,LONGARINA 02 [ESTEIRA ELEVADA SUPERIOR - MCF16 EXP],,Almox Prod Especiais
PEÇA,,035694,GUIA UHMW FINA 01 ]ESTEIRA ELEVATÓRIA SUPERIOR - MCF16 EXP],,Almox Prod Especiais
PEÇA,,035695,GUIA UHMW GROSSA 01 [ESTEIRA ELEVATÓRIA SUPERIOR - MCF16 EXP],,Almox Prod Especiais
PEÇA,,035702,COMPLEMENTO REF LATERAL [CAÇAMBA SIMPLES - CTH4500],,Almox Prod Especiais
PEÇA,,035713,PARAFUSO LAMINA METISA [ROCAX1800],,Almox Prod Especiais
PEÇA,,035719,TUBO PARA ELETRODUTO 550MM [ESTEIRAS - MCF16],,Almox Prod Especiais
PEÇA,,035720,TUBO PARA ELETRODUTO 200MM [ESTEIRAS - MCF16],,Almox Prod Especiais
PEÇA,,035724,FECHAMENTO DO GUIA [GUIA DO ESTICADOR - MCF M24],,Almox Prod Especiais
PEÇA,,035729,CORPO DO PINO DO MACACO [PINO DO MACACO - MCF],,Almox Prod Especiais
PEÇA,,035730,RAMPA DE TRANSICAO CORTADA [ESTEIRA ELEVADA INFERIOR - MCF],,Almox Prod Especiais
PEÇA,,035734,CORRENTE 6 ELOS [SAIA DE PROTECAO - ROCAX1800],,Almox Prod Especiais
PEÇA,,035735,COMPLEMENTO SUPORTE DA TORRE [CHASSI - ROCAX1800 M24],,Almox Prod Especiais
PEÇA,,035757,ORELHA TIRANTE [CHASSI - ETR6000],,Almox Prod Especiais
PEÇA,,035761,FECHAMENTO [ESTICADOR P205 - MCF],,Almox Prod Especiais
PEÇA,,035778,TUBO CORPO [ESTICADOR - ETR6000],,Almox Prod Especiais
PEÇA,,035786,CANTONEIRA MOVEL SUPERIOR [ABRACADEIRA - ETR6000],,Almox Prod Especiais
PEÇA,,035787,CANTONEIRA MOVEL MENOR [ABRACADEIRA - ETR6000],,Almox Prod Especiais
PEÇA,,035790,ORELHA CURVADA [SUPORTE DA RODA - ETR6000],,Almox Prod Especiais
PEÇA,,035795,SUPORTE U [REFORCO COLUNA - ETR6000],,Almox Prod Especiais
PEÇA,,035799,TUBO GUIA [REFORCO COLUNA - ETR6000],,Almox Prod Especiais
PEÇA,,035802,CHAPEAMENTO SUPERIOR RETO [CAÇAMBA - CTH4500],,Almox Prod Especiais
PEÇA,,035803,REFORCO CHAPEAMENTO LATERAL [CAÇAMBA - CTH4500],,Almox Prod Especiais
PEÇA,,035815,"BUCHA DE FIXAÇÃO 1.1/4"" [MCF16 M24]",,Almox Prod Especiais
PEÇA,,035872,FIXACAO SUPERIOR [APOIO DO TANQUE - TRP6000],,Almox Prod Especiais
PEÇA,,035873,FIXACAO DA CINTA [APOIO DO TANQUE - TRP6000],,Almox Prod Especiais
PEÇA,,035875,FIXADOR [APOIO DO TANQUE - TRP6000],,Almox Prod Especiais
PEÇA,,035894,FIXACAO INFERIOR [APOIO DO TANQUE - TRP6000],,Almox Prod Especiais
PEÇA,,035895,FIXADOR MAIOR [APOIO DO TANQUE - TRP6000],,Almox Prod Especiais
PEÇA,,035898,RAIO [RODA DE MARCAÇÃO E500 - TRP6000],,Almox Prod Especiais
PEÇA,,035899,FECHAMENTO LATERAL [RODA DE MARCAÇÃO E500 - TRP6000],,Almox Prod Especiais
PEÇA,,035901,COMPLEMENTO LATERAL [RODA DE MARCAÇÃO E500 - TRP6000],,Almox Prod Especiais
PEÇA,,035903,FECHAMENTO LATERAL [RODA DE MARCAÇÃO E400 - TRP6000],,Almox Prod Especiais
PEÇA,,035904,COMPLEMENTO LATERAL [RODA DE MARCAÇÃO E400 - TRP6000],,Almox Prod Especiais
PEÇA,,035905,RAIO [RODA DE MARCAÇÃO E400 - TRP6000],,Almox Prod Especiais
PEÇA,,035908,FECHAMENTO LATERAL [RODA DE MARCAÇÃO E600 - TRP6000],,Almox Prod Especiais
PEÇA,,035909,COMPLEMENTO LATERAL [RODA DE MARCAÇÃO E600 - TRP6000],,Almox Prod Especiais
PEÇA,,035910,RAIO [RODA DE MARCAÇÃO E600 - TRP6000],,Almox Prod Especiais
PEÇA,,035955,EIXO TENSOR DA ARTICULÇÃO INFERIOR [MCF],,Almox Prod Especiais
PEÇA,,035963,BUCHA DO PARAFUSO [SUPORTE DE LAMINAS - ROÇAX 1800 M24],,Almox Prod Especiais
PEÇA,,035964,SUPORTE INFERIOR [SUPORTE DE LAMINAS - ROCAX1800],,Almox Prod Especiais
PEÇA,,036031,REFORÇO MAIOR [ESTEIRA DIANTEIRA 01 - MCF M24],,Almox Prod Especiais
PEÇA,,036032,REFORÇO INFERIOR [ESTEIRA DIANTEIRA 01 - MCF M24],,Almox Prod Especiais
PEÇA,,036033,REFORÇO TRIANGULAR [ESTEIRA 01 - MCF16],,Almox Prod Especiais
PEÇA,,036034,REFORÇO INFERIOR [ESTEIRA CENTRAL - MCF M24],,Almox Prod Especiais
PEÇA,,036035,REFORÇO TRIANGULAR [ESTEIRA DIANTEIRA 01 - MCF M24],,Almox Prod Especiais
PEÇA,,036056,"MANIFOLD SIMPLES 1,5m [ITAUEIRA IRRIGAÇÃO]",,Almox Prod Especiais
PEÇA,,036059,"FLANGE 8"" [MANIFOLD DUPLO - ITAUEIRA IRRIGAÇÃO]",,Almox Prod Especiais
PEÇA,,036060,"FLANGE 10"" [MANIFOLD DUPLO - ITAUEIRA IRRIGAÇÃO]",,Almox Prod Especiais
PEÇA,,036063,"MANIFOLD DUPLO 1,5m [ITAUEIRA IRRIGAÇÃO]",,Almox Prod Especiais
PEÇA,,036065,"MANIFOLD DUPLO 1,0m [ITAUEIRA IRRIGAÇÃO]",,Almox Prod Especiais
PEÇA,,036071,ABA LATERAL ESQUERDA 1 [MCF16 M24],,Almox Prod Especiais
PEÇA,,402862,CINTA CONTRA POEIRA LD - TRANSM R3-ECO,,Almox Prod Especiais
PEÇA,,409820,PRENDEDOR DO TUBO [CBH/CBHM],,Almox Prod Especiais
PEÇA,,410317,SUPORTE PATIN - CHASSI (M03) ROCAX,,Almox Prod Especiais
PEÇA,,414347,EIXO ENG - TORRE DESL (M03) ROCAX 1800,,Almox Prod Especiais
PEÇA,,416125,CANT FRONTAL - CHASSI (M03) ROCAX 1800,,Almox Prod Especiais
PEÇA,,417580,LONGARINA - CHASSI (M03) ROCAX 1800,,Almox Prod Especiais
PEÇA,,417658,PROTETOR - CHASSI (M03) ROCAX,,Almox Prod Especiais
PEÇA,,427380,COMPL HASTE - SUPORTE (M03) RG,,Almox Prod Especiais
PEÇA,,427597,TRANSV SUP - CHASSI (M03) ROCAX 1800,,Almox Prod Especiais
PEÇA,,427998,STOP PATIM [ROÇAX1800],,Almox Prod Especiais
PEÇA,,436057,EIXO TRAVA TORRE 1800 ROCAX,,Almox Prod Especiais
PEÇA,,443554,PINO ENG T SUP/TORRE ROT,,Almox Prod Especiais
PEÇA,,444868,PINO TRASEIRO BALANCIM / ABERTURA LATERAL [CBH/CBHM/F/FA/FTC],,Almox Prod Especiais
PEÇA,,446221,FECHAM LONG - CHASSI (M03) ROCAX,,Almox Prod Especiais
PEÇA,,450741,PINO TORRE - CHASSI (M03) ROCAX,,Almox Prod Especiais
PEÇA,,454011,REFORCO INTERNO LONG CHASSI (M03) ROCAX,,Almox Prod Especiais
PEÇA,,463383,REFORCO CANT FRONTAL-CHASSI (M03) ROCAX 1800,,Almox Prod Especiais
PEÇA,,480423,PROTECAO INF - SUP LAMINAS (M03) ROCAX,,Almox Prod Especiais
PEÇA,,491743,SUPORTE TIRANTE - CHASSI (M03) ROCAX,,Almox Prod Especiais
PEÇA,,491895,BARRA REG - PATIM (M03) ROCAX,,Almox Prod Especiais
PEÇA,,499821,CINTA C-POEIRA LE TRANSM R3-ECO,,Almox Prod Especiais